SeniorCitizen,tenure,MonthlyCharges,TotalCharges,gender_Male,Partner_Yes,Dependents_Yes,PhoneService_Yes,MultipleLines_No phone service,MultipleLines_Yes,InternetService_Fiber optic,InternetService_No,OnlineSecurity_No internet service,OnlineSecurity_Yes,OnlineBackup_No internet service,OnlineBackup_Yes,DeviceProtection_No internet service,DeviceProtection_Yes,TechSupport_No internet service,TechSupport_Yes,StreamingTV_No internet service,StreamingTV_Yes,StreamingMovies_No internet service,StreamingMovies_Yes,Contract_One year,Contract_Two year,PaperlessBilling_Yes,PaymentMethod_Credit card (automatic),PaymentMethod_Electronic check,PaymentMethod_Mailed check,Actual_Churn,Churn_Probability,Predicted_Churn
0,1,24.8,24.8,False,True,False,False,True,False,False,False,False,False,False,False,False,False,False,False,False,False,False,False,False,False,True,False,True,False,1,0.7001702527222396,1
0,41,25.25,996.45,True,False,False,True,False,True,False,True,True,False,True,False,True,False,True,False,True,False,True,False,False,False,True,False,False,False,0,0.057658194934286644,0
0,52,19.35,1031.7,False,True,True,True,False,False,False,True,True,False,True,False,True,False,True,False,True,False,True,False,False,True,False,False,False,True,0,0.004230231883633681,0
0,1,76.35,76.35,False,False,False,True,False,False,True,False,False,False,False,False,False,True,False,False,False,False,False,False,False,False,False,False,True,False,1,0.6098127876070873,1
0,67,50.55,3260.1,True,False,False,True,False,False,False,False,False,False,False,False,False,False,False,True,False,False,False,False,False,True,False,False,False,False,0,0.005666244061789971,0
1,68,89.6,6127.6,False,True,False,True,False,True,True,False,False,False,False,True,False,False,False,False,False,False,False,True,False,False,True,False,False,False,1,0.28211212808631825,0
0,23,77.15,1759.4,False,True,True,True,False,True,False,False,False,True,False,False,False,True,False,True,False,True,False,False,False,True,True,False,False,False,0,0.04974963820761322,0
0,72,72.1,5016.65,True,True,True,True,False,True,False,False,False,True,False,True,False,True,False,True,False,False,False,False,False,True,False,True,False,False,0,0.0037289075189646734,0
0,70,104.0,7250.15,True,False,False,True,False,True,True,False,False,True,False,False,False,False,False,True,False,True,False,True,False,True,True,True,False,False,1,0.05092736249789202,0
0,1,19.4,19.4,True,False,False,True,False,False,False,True,True,False,True,False,True,False,True,False,True,False,True,False,False,False,False,False,False,True,1,0.20058197196427854,0
0,1,20.45,20.45,True,False,False,True,False,False,False,True,True,False,True,False,True,False,True,False,True,False,True,False,False,False,False,False,False,True,0,0.19841579489856487,0
0,34,84.05,2909.95,True,True,True,True,False,False,True,False,False,False,False,False,False,True,False,False,False,True,False,False,False,False,True,False,False,True,0,0.3622632988329504,0
1,28,51.0,1381.8,True,True,True,True,False,True,False,False,False,False,False,False,False,False,False,False,False,False,False,False,True,False,True,False,True,False,0,0.19485337807240724,0
1,18,85.45,1505.85,False,False,False,True,False,True,True,False,False,False,False,True,False,False,False,True,False,False,False,False,False,False,True,False,True,False,1,0.5313289434052066,1
0,15,20.45,330.8,False,True,False,True,False,False,False,True,True,False,True,False,True,False,True,False,True,False,True,False,False,False,False,True,False,False,0,0.11400354530655749,0
1,11,95.15,997.65,False,False,False,True,False,True,True,False,False,False,False,False,False,False,False,False,False,True,False,True,False,False,True,False,False,False,1,0.7389707139119067,1
0,11,53.75,608.0,True,False,False,True,False,True,False,False,False,False,False,False,False,True,False,False,False,False,False,False,False,False,False,False,True,False,1,0.3874757864550389,0
0,1,70.0,70.0,True,True,True,True,False,False,True,False,False,False,False,False,False,False,False,False,False,False,False,False,False,False,True,False,True,False,1,0.6672499849404465,1
0,37,88.8,3340.55,False,True,True,True,False,True,True,False,False,False,False,True,False,False,False,False,False,True,False,False,False,False,True,False,True,False,0,0.47333879451931304,0
0,22,89.4,2001.5,True,False,True,True,False,False,True,False,False,False,False,True,False,True,False,False,False,True,False,False,False,False,True,False,True,False,1,0.48507257316665764,0
0,1,70.25,70.25,False,False,False,True,False,False,True,False,False,False,False,False,False,False,False,False,False,False,False,False,False,False,True,False,True,False,0,0.6992970481456414,1
0,1,19.45,19.45,False,True,True,True,False,False,False,True,True,False,True,False,True,False,True,False,True,False,True,False,False,False,False,False,True,False,0,0.2545816931402003,0
0,46,80.0,3769.7,True,True,True,True,False,True,True,False,False,False,False,True,False,False,False,False,False,False,False,False,False,False,True,False,False,False,0,0.26277663460868655,0
0,51,107.45,5680.9,False,False,False,True,False,True,True,False,False,True,False,True,False,True,False,False,False,True,False,True,True,False,False,False,False,False,0,0.16706220914167666,0
0,41,104.45,4162.05,False,True,False,True,False,False,True,False,False,True,False,True,False,True,False,False,False,True,False,True,True,False,True,False,False,False,0,0.20191558888188124,0
0,5,67.95,350.3,False,True,False,True,False,True,False,False,False,False,False,False,False,True,False,True,False,True,False,False,False,False,False,False,False,False,1,0.3498861238151792,0
0,45,89.3,4016.85,False,False,False,True,False,True,True,False,False,False,False,True,False,False,False,False,False,True,False,False,False,False,True,True,False,False,1,0.3382032568469422,0
0,29,60.2,1834.15,True,True,True,True,False,False,False,False,False,True,False,False,False,False,False,False,False,False,False,True,False,False,True,False,False,True,0,0.16156404380430978,0
1,15,91.5,1400.3,False,False,False,True,False,False,True,False,False,False,False,False,False,False,False,False,False,True,False,True,False,False,True,False,True,False,0,0.7317151798849166,1
0,72,63.7,4464.8,True,False,False,False,True,False,False,False,False,True,False,True,False,True,False,True,False,True,False,True,False,True,True,False,False,False,0,0.012689656600367525,0
0,50,103.95,5231.3,True,True,False,True,False,True,True,False,False,True,False,False,False,True,False,False,False,True,False,True,True,False,True,False,True,False,0,0.2997945900052506,0
0,27,20.6,581.85,True,False,True,True,False,False,False,True,True,False,True,False,True,False,True,False,True,False,True,False,False,True,False,False,False,True,0,0.013656580804046307,0
0,72,85.15,6316.2,True,True,False,True,False,True,False,False,False,False,False,True,False,True,False,True,False,True,False,True,False,True,True,False,False,False,0,0.023936279612174528,0
0,51,69.75,3562.5,False,True,True,True,False,False,False,False,False,True,False,True,False,False,False,True,False,False,False,True,True,False,True,True,False,False,0,0.027003903080262657,0
0,60,94.1,5475.9,False,True,False,True,False,True,True,False,False,True,False,True,False,False,False,False,False,False,False,True,False,False,True,True,False,False,0,0.20150639480972748,0
0,17,19.45,369.05,True,False,False,True,False,False,False,True,True,False,True,False,True,False,True,False,True,False,True,False,False,True,False,True,False,False,0,0.025486565088239016,0
0,72,21.15,1419.4,False,False,False,True,False,False,False,True,True,False,True,False,True,False,True,False,True,False,True,False,False,True,True,False,False,False,0,0.002361367158780358,0
0,33,104.4,3409.6,False,True,False,True,False,True,True,False,False,False,False,True,False,True,False,False,False,True,False,True,False,False,True,False,True,False,1,0.6225906247487619,1
1,66,104.9,6891.45,False,True,True,True,False,True,True,False,False,False,False,True,False,True,False,False,False,True,False,True,True,False,True,False,True,False,0,0.27817547196036374,0
0,69,103.95,7446.9,False,True,True,True,False,True,True,False,False,False,False,True,False,True,False,False,False,True,False,True,False,False,True,False,True,False,1,0.3856541619850978,0
0,5,69.75,324.6,True,False,False,True,False,False,True,False,False,False,False,False,False,False,False,False,False,False,False,False,False,False,True,False,True,False,1,0.6566480183631201,1
0,57,100.75,5985.0,False,True,False,True,False,True,True,False,False,False,False,False,False,True,False,False,False,True,False,True,True,False,True,True,False,False,0,0.280820291696145,0
1,8,75.75,606.25,False,False,False,True,False,True,True,False,False,False,False,False,False,False,False,False,False,False,False,False,False,False,True,False,True,False,1,0.7304136082817606,1
0,14,51.45,727.85,False,False,False,True,False,False,False,False,False,False,False,True,False,False,False,False,False,False,False,False,True,False,False,True,False,False,0,0.11835047168187139,0
0,25,94.7,2362.1,True,False,False,True,False,True,True,False,False,False,False,False,False,False,False,False,False,True,False,True,False,False,True,False,False,False,1,0.611362678649276,1
0,52,19.6,1012.4,False,True,True,True,False,False,False,True,True,False,True,False,True,False,True,False,True,False,True,False,True,False,False,True,False,False,0,0.008486577938711817,0
1,7,76.45,503.6,False,False,False,True,False,False,True,False,False,True,False,False,False,False,False,False,False,False,False,False,False,False,False,False,False,False,1,0.41736733541217597,0
0,13,79.8,973.45,True,False,False,True,False,False,True,False,False,False,False,True,False,True,False,False,False,False,False,False,False,False,True,False,True,False,1,0.5344924480782015,1
1,15,89.85,1424.95,False,False,False,True,False,True,True,False,False,False,False,True,False,False,False,False,False,False,False,True,False,False,False,False,True,False,1,0.6409943148159264,1
0,22,55.15,1193.05,True,False,False,True,False,False,False,False,False,False,False,True,False,False,False,True,False,False,False,False,True,False,True,True,False,False,1,0.08299093753094282,0
0,19,19.9,367.55,False,False,False,True,False,False,False,True,True,False,True,False,True,False,True,False,True,False,True,False,False,False,False,False,False,True,0,0.09353530356884253,0
0,23,30.35,678.75,True,True,True,False,True,False,False,False,False,False,False,False,False,False,False,True,False,False,False,False,False,False,True,False,False,False,0,0.24335626676296757,0
0,72,113.65,8182.75,False,True,False,True,False,True,True,False,False,True,False,True,False,True,False,True,False,True,False,True,False,True,True,False,False,False,0,0.05747829423970501,0
1,72,98.35,6929.4,True,True,False,True,False,True,True,False,False,False,False,True,False,False,False,False,False,True,False,True,False,True,False,False,False,False,0,0.07413862309132979,0
0,59,96.65,5580.8,False,True,True,True,False,True,True,False,False,False,False,True,False,False,False,True,False,False,False,True,False,False,True,False,False,False,0,0.2124054447635228,0
0,70,75.35,5437.75,False,True,True,True,False,False,False,False,False,True,False,False,False,False,False,True,False,True,False,True,False,True,False,True,False,False,0,0.007818864619374394,0
0,70,101.1,6994.8,True,True,True,True,False,False,True,False,False,True,False,True,False,True,False,True,False,True,False,False,False,True,True,True,False,False,0,0.0203740819998919,0
0,9,103.1,970.45,True,True,True,True,False,False,True,False,False,False,False,False,False,True,False,True,False,True,False,True,False,False,False,False,True,False,0,0.5293909147335205,1
0,3,24.6,86.35,False,False,False,True,False,True,False,True,True,False,True,False,True,False,True,False,True,False,True,False,False,False,False,False,False,True,0,0.23236333720032068,0
1,17,101.8,1752.45,True,False,False,True,False,False,True,False,False,False,False,True,False,True,False,False,False,True,False,True,False,False,True,False,True,False,0,0.6666875794534716,1
0,28,70.4,1992.2,False,True,True,True,False,False,True,False,False,False,False,False,False,False,False,False,False,False,False,False,True,False,True,False,False,False,0,0.2362810492738416,0
0,10,54.25,583.0,False,False,False,True,False,False,False,False,False,False,False,False,False,True,False,True,False,False,False,False,False,False,False,False,True,False,0,0.2734680131835017,0
0,11,20.95,267.35,True,True,True,True,False,False,False,True,True,False,True,False,True,False,True,False,True,False,True,False,False,False,False,False,False,False,0,0.12285893734622348,0
1,72,102.65,7550.3,True,True,False,True,False,True,True,False,False,True,False,True,False,True,False,False,False,False,False,True,False,True,True,True,False,False,0,0.05731990637921404,0
0,8,70.1,551.35,True,False,False,True,False,False,True,False,False,False,False,False,False,False,False,False,False,False,False,False,False,False,True,False,False,True,1,0.5454361871893316,1
1,69,20.3,1356.3,True,False,False,True,False,False,False,True,True,False,True,False,True,False,True,False,True,False,True,False,False,True,False,True,False,False,0,0.0020389709146111145,0
0,39,19.85,854.8,False,True,True,True,False,False,False,True,True,False,True,False,True,False,True,False,True,False,True,False,False,True,True,False,False,False,0,0.012165757497416347,0
0,67,50.9,3281.65,True,True,True,False,True,False,False,False,False,True,False,False,False,False,False,False,False,True,False,True,False,True,False,True,False,False,0,0.012608093228100574,0
0,39,19.9,791.15,True,False,False,True,False,False,False,True,True,False,True,False,True,False,True,False,True,False,True,False,True,False,False,False,False,True,0,0.018300539438311048,0
0,54,65.65,3566.7,True,True,True,True,False,True,False,False,False,True,False,True,False,False,False,True,False,False,False,False,False,True,True,True,False,False,0,0.009971959419050085,0
0,1,74.5,74.5,False,False,False,True,False,True,True,False,False,False,False,False,False,False,False,False,False,False,False,False,False,False,True,False,True,False,1,0.7483097013719983,1
0,72,60.0,4264.0,False,True,True,False,True,False,False,False,False,False,False,True,False,True,False,True,False,True,False,True,False,True,True,False,True,False,0,0.023956730569736295,0
0,10,98.55,1008.55,True,False,False,True,False,True,True,False,False,True,False,False,False,False,False,False,False,True,False,True,False,False,False,False,True,False,1,0.6078832219849547,1
0,13,96.65,1162.85,True,True,True,True,False,False,True,False,False,False,False,False,False,True,False,False,False,True,False,True,False,False,True,False,False,True,1,0.5793797499665699,1
0,35,99.25,3532.0,False,False,False,True,False,False,True,False,False,False,False,False,False,True,False,True,False,True,False,True,True,False,True,False,True,False,0,0.3361383157027777,0
0,12,35.5,432.25,True,True,True,False,True,False,False,False,False,False,False,True,False,False,False,True,False,False,False,False,False,False,False,False,False,True,0,0.24020078050180457,0
0,31,90.55,2929.75,True,True,False,True,False,True,True,False,False,True,False,True,False,False,False,True,False,False,False,False,False,False,True,True,False,False,0,0.2312017522726485,0
0,53,108.25,5935.1,False,True,True,True,False,False,True,False,False,False,False,True,False,True,False,True,False,True,False,True,False,False,True,False,False,False,0,0.2679839102247012,0
0,1,19.5,19.5,True,False,False,True,False,False,False,True,True,False,True,False,True,False,True,False,True,False,True,False,False,False,True,False,False,True,0,0.2593810175247697,0
0,30,19.7,625.05,True,False,False,True,False,False,False,True,True,False,True,False,True,False,True,False,True,False,True,False,True,False,False,False,False,True,0,0.029003001837466538,0
0,46,74.8,3548.3,False,False,False,True,False,False,True,False,False,False,False,False,False,True,False,False,False,False,False,False,False,False,True,True,False,False,0,0.24609151044064462,0
0,19,89.65,1761.05,False,True,False,True,False,True,True,False,False,False,False,False,False,True,False,False,False,False,False,True,False,False,False,False,False,True,1,0.5357690707540481,1
0,23,54.25,1221.55,False,True,False,True,False,False,False,False,False,False,False,False,False,True,False,True,False,False,False,False,False,False,False,False,True,False,0,0.1866899068955524,0
1,15,55.0,757.1,False,False,False,True,False,True,False,False,False,False,False,False,False,False,False,True,False,False,False,False,False,False,False,True,False,False,1,0.2343330198035808,0
0,48,20.15,982.95,True,False,False,True,False,False,False,True,True,False,True,False,True,False,True,False,True,False,True,False,False,True,False,True,False,False,0,0.005196246440088082,0
0,25,95.9,2448.75,True,False,True,True,False,False,True,False,False,False,False,True,False,False,False,False,False,True,False,True,False,False,True,False,True,False,1,0.5477213874638193,1
0,52,105.0,5426.85,True,False,False,True,False,False,True,False,False,False,False,True,False,True,False,True,False,True,False,True,True,False,True,False,False,False,1,0.1611635634039743,0
0,12,81.7,858.6,True,False,False,True,False,False,True,False,False,True,False,False,False,True,False,False,False,False,False,False,False,False,False,False,False,False,1,0.31497557718639196,0
0,48,24.55,1203.95,False,False,False,True,False,True,False,True,True,False,True,False,True,False,True,False,True,False,True,False,True,False,False,False,False,False,0,0.017214778200639564,0
0,38,20.05,741.5,False,False,False,True,False,False,False,True,True,False,True,False,True,False,True,False,True,False,True,False,False,True,False,False,False,True,0,0.009466178183714749,0
0,18,35.2,607.3,False,False,False,False,True,False,False,False,False,False,False,False,False,True,False,True,False,False,False,False,False,False,True,False,True,False,0,0.3907613008863663,0
0,45,50.25,2221.55,False,True,False,True,False,False,False,False,False,False,False,False,False,True,False,False,False,False,False,False,False,False,True,True,False,False,0,0.1053862629076633,0
0,12,89.55,1021.75,True,False,False,True,False,True,True,False,False,False,False,False,False,True,False,False,False,True,False,False,False,False,True,False,True,False,0,0.6903750157483617,1
1,66,102.4,6471.85,False,False,False,True,False,True,True,False,False,True,False,False,False,False,False,False,False,True,False,True,False,True,True,False,False,False,0,0.09080396957301456,0
0,72,20.25,1566.9,False,False,False,True,False,False,False,True,True,False,True,False,True,False,True,False,True,False,True,False,False,True,False,True,False,False,0,0.001640602348949631,0
0,70,44.6,3058.15,False,False,False,False,True,False,False,False,False,True,False,True,False,True,False,True,False,False,False,False,False,True,True,False,False,False,0,0.006377376826964728,0
0,27,90.15,2423.4,False,True,False,True,False,True,True,False,False,False,False,False,False,True,False,False,False,False,False,True,False,False,False,False,False,False,0,0.48030456566654955,0
0,1,20.0,20.0,True,False,False,True,False,False,False,True,True,False,True,False,True,False,True,False,True,False,True,False,False,False,False,False,False,True,0,0.1993419942180305,0
1,13,95.25,1233.65,True,True,False,True,False,True,True,False,False,False,False,False,False,False,False,False,False,True,False,True,False,False,True,False,True,False,1,0.7898813318412536,1
0,65,90.45,5957.9,False,True,True,True,False,True,False,False,False,True,False,True,False,True,False,True,False,True,False,True,False,True,True,False,False,True,0,0.01757119169841304,0
0,14,70.2,1046.5,False,True,True,True,False,False,True,False,False,False,False,False,False,False,False,False,False,False,False,False,False,False,False,False,True,False,0,0.49088641122519083,0
0,17,85.45,1451.6,False,True,True,True,False,True,True,False,False,False,False,False,False,False,False,False,False,False,False,True,False,False,True,False,True,False,1,0.6763750457308974,1
0,31,20.95,683.25,False,False,False,True,False,False,False,True,True,False,True,False,True,False,True,False,True,False,True,False,True,False,False,False,False,True,0,0.028848202995596317,0
0,24,24.2,609.05,True,True,True,True,False,True,False,True,True,False,True,False,True,False,True,False,True,False,True,False,False,True,False,False,False,True,0,0.022151594289285755,0
0,3,20.2,65.95,False,False,False,True,False,False,False,True,True,False,True,False,True,False,True,False,True,False,True,False,False,False,False,False,True,False,0,0.2526341232754357,0
0,17,76.65,1313.55,True,False,False,True,False,False,True,False,False,False,False,False,False,True,False,False,False,False,False,False,False,False,True,False,True,False,1,0.5472578307344897,1
0,66,68.75,4447.55,True,False,False,True,False,True,False,False,False,True,False,True,False,True,False,True,False,False,False,False,False,True,False,False,False,False,0,0.005563223713510473,0
0,45,53.3,2296.25,True,True,False,True,False,False,False,False,False,True,False,False,False,True,False,False,False,False,False,False,False,True,False,True,False,False,0,0.01302957757805596,0
0,35,91.5,3236.35,True,True,False,True,False,True,True,False,False,False,False,False,False,False,False,True,False,True,False,False,False,False,True,True,False,False,0,0.36847574676109723,0
0,40,40.25,1564.05,True,False,True,False,True,False,False,False,False,True,False,True,False,False,False,True,False,False,False,False,True,False,False,False,False,True,0,0.027546978619183624,0
0,10,84.7,832.05,False,False,False,True,False,False,True,False,False,True,False,False,False,False,False,False,False,True,False,False,False,False,True,False,False,True,1,0.4763899778613259,0
0,52,64.3,3410.6,False,True,False,True,False,False,False,False,False,True,False,False,False,True,False,False,False,True,False,False,True,False,True,False,False,True,0,0.045246210222831866,0
0,13,19.45,232.1,False,False,False,True,False,False,False,True,True,False,True,False,True,False,True,False,True,False,True,False,False,False,False,True,False,False,0,0.11818952746455615,0
1,43,90.25,3838.75,False,False,False,True,False,True,True,False,False,False,False,True,False,False,False,False,False,True,False,False,False,False,True,False,True,False,0,0.4864644804691169,0
0,41,20.45,775.6,False,False,False,True,False,False,False,True,True,False,True,False,True,False,True,False,True,False,True,False,False,False,False,False,True,False,0,0.04459096902883245,0
1,52,50.5,2566.3,False,False,False,False,True,False,False,False,False,False,False,True,False,True,False,True,False,True,False,False,False,False,True,False,True,False,0,0.15621710806478062,0
0,71,93.2,6506.15,False,True,False,True,False,True,False,False,False,True,False,True,False,True,False,True,False,True,False,True,False,True,False,True,False,False,0,0.011418587694062994,0
0,61,106.45,6300.15,True,False,False,True,False,True,True,False,False,True,False,False,False,True,False,False,False,True,False,True,False,False,True,False,True,False,0,0.3536094544184266,0
0,26,44.45,1183.8,False,False,False,False,True,False,False,False,False,False,False,False,False,True,False,True,False,True,False,False,False,False,True,True,False,False,0,0.2744989809359512,0
0,72,68.4,4855.35,True,True,True,True,False,False,False,False,False,True,False,True,False,False,False,True,False,True,False,False,False,True,False,False,False,False,0,0.003937721470059963,0
0,42,78.45,3373.4,False,False,False,True,False,True,False,False,False,False,False,False,False,True,False,True,False,True,False,True,False,True,True,True,False,False,0,0.05901863575687006,0
0,57,65.2,3687.85,False,True,True,True,False,True,False,False,False,True,False,True,False,False,False,True,False,False,False,False,False,False,False,False,False,False,0,0.028518072277545863,0
0,9,19.6,197.4,True,True,True,True,False,False,False,True,True,False,True,False,True,False,True,False,True,False,True,False,False,True,False,False,False,True,0,0.0359767456441268,0
0,9,71.0,672.55,False,False,False,True,False,False,True,False,False,False,False,False,False,False,False,False,False,False,False,False,False,False,False,False,True,False,1,0.556157634294617,1
0,33,44.55,1462.6,True,True,False,True,False,False,False,False,False,False,False,False,False,False,False,False,False,False,False,False,False,False,True,True,False,False,0,0.1578768264419874,0
0,1,19.45,19.45,True,False,False,True,False,False,False,True,True,False,True,False,True,False,True,False,True,False,True,False,False,False,False,False,False,True,0,0.20047842018833653,0
0,7,79.0,522.95,False,False,False,True,False,False,True,False,False,False,False,False,False,False,False,False,False,True,False,False,False,False,True,False,True,False,1,0.6916722721536254,1
0,1,71.55,71.55,True,False,False,True,False,False,True,False,False,False,False,False,False,False,False,False,False,False,False,False,False,False,True,False,False,True,1,0.6028566021184345,1
0,65,19.9,1292.6,True,True,True,True,False,False,False,True,True,False,True,False,True,False,True,False,True,False,True,False,False,True,False,False,False,True,0,0.0020462739789325417,0
0,10,86.05,834.1,True,False,False,True,False,True,True,False,False,False,False,False,False,False,False,False,False,True,False,False,False,False,True,False,False,False,1,0.6385116625744877,1
0,70,95.0,6602.9,True,True,False,True,False,True,True,False,False,False,False,True,False,True,False,False,False,True,False,False,True,False,True,False,False,False,0,0.12950195978380535,0
0,29,98.6,2933.2,False,False,False,True,False,True,True,False,False,False,False,False,False,True,False,False,False,True,False,True,False,False,True,True,False,False,1,0.581229445587893,1
0,21,104.4,2157.95,True,True,True,True,False,True,True,False,False,False,False,True,False,True,False,False,False,True,False,True,False,False,False,False,True,False,1,0.5641943407003481,1
0,1,90.75,90.75,True,True,False,True,False,False,True,False,False,False,False,False,False,False,False,False,False,True,False,True,False,False,True,False,True,False,1,0.7784686822713335,1
0,5,20.25,109.8,True,False,False,True,False,False,False,True,True,False,True,False,True,False,True,False,True,False,True,False,False,False,False,False,False,True,0,0.1683953407280384,0
0,56,89.7,4952.95,True,True,False,True,False,False,True,False,False,False,False,False,False,False,False,False,False,True,False,True,False,False,False,False,False,True,0,0.2539024470452634,0
0,35,85.15,3030.6,True,False,True,True,False,False,True,False,False,False,False,False,False,True,False,False,False,True,False,False,True,False,True,False,True,False,1,0.28211620864866005,0
0,10,20.45,242.4,True,True,True,True,False,False,False,True,True,False,True,False,True,False,True,False,True,False,True,False,True,False,False,False,False,True,0,0.07016490978542038,0
0,31,49.85,1520.1,False,False,False,False,True,False,False,False,False,True,False,True,False,False,False,True,False,False,False,True,False,True,True,False,False,False,0,0.048620254489648386,0
1,37,85.7,3171.15,True,True,False,True,False,True,True,False,False,False,False,False,False,False,False,False,False,True,False,False,False,False,True,False,True,False,1,0.5705958499981638,1
1,57,95.25,5427.05,True,True,False,True,False,True,True,False,False,False,False,True,False,True,False,False,False,False,False,True,False,False,True,False,False,False,1,0.34823703255685984,0
0,34,25.6,917.15,False,True,True,True,False,True,False,True,True,False,True,False,True,False,True,False,True,False,True,False,True,False,True,True,False,False,0,0.03944102878809889,0
0,3,99.0,287.4,False,False,False,True,False,False,True,False,False,True,False,False,False,True,False,False,False,True,False,True,False,False,True,True,False,False,1,0.5752939509578748,1
0,4,82.85,319.6,False,False,False,True,False,False,True,False,False,False,False,False,False,True,False,False,False,False,False,True,False,False,True,True,False,False,0,0.640173175783757,1
0,54,20.5,1035.7,False,False,False,True,False,False,False,True,True,False,True,False,True,False,True,False,True,False,True,False,False,True,True,False,False,True,0,0.005734832841974697,0
0,6,19.7,111.65,True,False,True,True,False,False,False,True,True,False,True,False,True,False,True,False,True,False,True,False,False,False,False,False,False,True,0,0.14123815514308324,0
0,22,59.75,1374.35,True,True,False,True,False,False,False,False,False,True,False,False,False,False,False,False,False,True,False,False,True,False,True,False,False,False,0,0.12782139647942892,0
0,23,96.9,2085.45,True,False,False,True,False,True,True,False,False,False,False,False,False,True,False,True,False,True,False,False,False,False,True,True,False,False,0,0.42102406051110314,0
0,68,58.25,3975.7,False,True,False,True,False,True,False,False,False,True,False,False,False,False,False,True,False,False,False,False,True,False,False,False,False,False,0,0.013044868214260803,0
0,48,20.0,935.9,False,True,True,True,False,False,False,True,True,False,True,False,True,False,True,False,True,False,True,False,False,True,False,False,False,True,0,0.005125311647087178,0
0,34,20.8,635.9,True,True,True,True,False,False,False,True,True,False,True,False,True,False,True,False,True,False,True,False,False,False,False,False,False,True,0,0.0384751800200475,0
0,41,79.85,3320.75,False,False,False,True,False,False,False,False,False,True,False,False,False,True,False,True,False,True,False,True,True,False,True,False,False,False,0,0.06973644599720975,0
0,9,75.85,724.65,True,False,False,True,False,True,True,False,False,False,False,False,False,False,False,False,False,False,False,False,False,False,True,False,True,False,0,0.6818981062441735,1
1,18,103.6,1806.35,False,False,False,True,False,True,True,False,False,False,False,True,False,False,False,True,False,True,False,True,False,False,True,True,False,False,0,0.5603461604048294,1
0,35,95.5,3418.2,True,False,False,True,False,True,True,False,False,False,False,False,False,True,False,True,False,True,False,False,False,False,False,False,True,False,0,0.3770819768261189,0
0,55,79.4,4238.45,True,True,True,True,False,False,True,False,False,False,False,True,False,False,False,True,False,False,False,False,False,False,False,False,True,False,0,0.11657337865871095,0
0,54,108.0,5760.65,True,False,False,True,False,True,True,False,False,True,False,True,False,False,False,True,False,True,False,True,False,True,True,True,False,False,0,0.06570698520811556,0
1,2,78.55,149.55,False,False,False,True,False,True,True,False,False,False,False,False,False,True,False,False,False,False,False,False,False,False,True,False,True,False,1,0.7648587720006577,1
0,52,106.3,5487.0,True,True,False,True,False,False,True,False,False,True,False,True,False,True,False,True,False,True,False,True,False,True,True,False,True,False,0,0.08156299209001616,0
0,72,69.65,4908.25,True,False,False,True,False,True,False,False,False,True,False,True,False,True,False,True,False,False,False,False,False,True,False,False,False,False,0,0.004494724499460301,0
0,9,70.05,564.4,True,True,False,True,False,False,False,False,False,False,False,False,False,True,False,False,False,True,False,True,False,False,True,False,False,True,0,0.4580307711872781,0
0,3,69.55,200.2,False,True,True,True,False,False,True,False,False,False,False,False,False,False,False,False,False,False,False,False,False,False,True,False,True,False,0,0.6631835874968403,1
1,4,75.35,273.4,True,False,False,True,False,False,True,False,False,True,False,False,False,False,False,False,False,False,False,False,False,False,False,False,True,False,0,0.5128756193843458,1
0,69,75.75,5388.15,True,True,True,True,False,False,False,False,False,True,False,True,False,True,False,True,False,True,False,False,False,True,True,False,False,False,0,0.007115835749238776,0
0,67,35.7,2545.7,False,True,True,False,True,False,False,False,False,True,False,False,False,False,False,True,False,False,False,False,False,True,False,True,False,False,0,0.004848756070904501,0
0,4,79.9,324.3,True,False,False,True,False,False,True,False,False,False,False,False,False,False,False,False,False,False,False,True,False,False,True,False,True,False,1,0.7227644780784318,1
0,13,45.55,597.0,True,False,False,False,True,False,False,False,False,True,False,False,False,False,False,True,False,True,False,False,False,False,True,True,False,False,1,0.29387682311820534,0
0,45,81.0,3533.6,False,True,True,True,False,False,False,False,False,True,False,False,False,True,False,True,False,True,False,True,False,True,True,False,False,True,0,0.02485066160763952,0
0,68,101.35,7110.75,True,False,False,True,False,True,True,False,False,True,False,True,False,True,False,False,False,True,False,False,True,False,False,False,False,False,0,0.07605278370331248,0
0,69,73.7,4885.85,False,True,True,True,False,True,False,False,False,True,False,True,False,False,False,True,False,True,False,False,True,False,False,True,False,False,0,0.012149297023302192,0
0,70,58.35,4214.25,False,False,False,False,True,False,False,False,False,True,False,False,False,True,False,True,False,True,False,True,False,True,True,False,False,False,0,0.016931534751542292,0
0,1,19.9,19.9,False,False,False,True,False,False,False,True,True,False,True,False,True,False,True,False,True,False,True,False,False,False,True,False,False,True,1,0.26820666412910293,0
0,45,25.9,1216.6,False,True,True,True,False,True,False,True,True,False,True,False,True,False,True,False,True,False,True,False,True,False,True,True,False,False,0,0.02321878050671162,0
0,37,20.3,755.4,False,False,True,True,False,False,False,True,True,False,True,False,True,False,True,False,True,False,True,False,True,False,False,False,False,False,0,0.018868782103658523,0
0,10,40.25,411.45,False,False,True,False,True,False,False,False,False,True,False,True,False,False,False,True,False,False,False,False,True,False,False,False,False,True,0,0.10535420877193746,0
0,1,89.35,89.35,False,False,True,True,False,False,True,False,False,False,False,False,False,False,False,False,False,True,False,True,False,False,True,False,True,False,0,0.7521890562596444,1
0,29,69.05,1958.45,True,True,True,True,False,True,False,False,False,True,False,False,False,False,False,True,False,True,False,False,True,False,False,False,False,False,0,0.05898212034902347,0
1,72,104.1,7447.7,True,True,True,True,False,False,True,False,False,True,False,False,False,True,False,True,False,True,False,True,False,True,True,True,False,False,0,0.03902865875395885,0
0,2,75.9,143.35,False,False,False,True,False,True,True,False,False,False,False,False,False,False,False,False,False,False,False,False,False,False,True,False,True,False,1,0.7378563350004831,1
0,24,53.6,1315.35,True,True,False,True,False,False,False,False,False,True,False,False,False,False,False,True,False,False,False,False,False,False,False,False,False,True,0,0.09039777095650235,0
0,4,79.15,317.25,False,False,False,True,False,False,True,False,False,False,False,False,False,False,False,False,False,False,False,True,False,False,True,False,True,False,1,0.7342977396671931,1
0,72,19.3,1304.8,True,True,False,True,False,False,False,True,True,False,True,False,True,False,True,False,True,False,True,False,False,True,False,True,False,False,0,0.0015401032497218677,0
0,11,79.0,929.3,False,False,False,True,False,True,True,False,False,True,False,False,False,False,False,False,False,False,False,False,False,False,True,False,False,False,0,0.5021774054627751,1
0,44,19.9,868.1,False,False,True,True,False,False,False,True,True,False,True,False,True,False,True,False,True,False,True,False,False,True,False,False,False,True,0,0.005975854007948024,0
0,62,20.45,1297.35,True,True,True,True,False,False,False,True,True,False,True,False,True,False,True,False,True,False,True,False,False,True,False,False,False,False,0,0.002516094397474217,0
0,70,25.4,1782.05,True,True,True,True,False,True,False,True,True,False,True,False,True,False,True,False,True,False,True,False,False,True,False,False,False,True,0,0.0022436589858894954,0
1,1,25.05,25.05,False,False,False,False,True,False,False,False,False,False,False,False,False,False,False,False,False,False,False,False,False,False,False,False,False,True,1,0.5635061549236589,1
0,4,105.65,443.9,False,False,False,True,False,False,True,False,False,False,False,True,False,True,False,True,False,True,False,True,True,False,True,False,True,False,1,0.480940202413807,0
1,2,85.55,187.45,False,False,False,True,False,True,True,False,False,False,False,False,False,False,False,False,False,True,False,False,False,False,True,False,True,False,1,0.7969590584416654,1
0,41,56.3,2364.0,False,False,False,True,False,True,False,False,False,False,False,True,False,False,False,False,False,False,False,False,True,False,True,True,False,False,0,0.07688641389467643,0
1,1,19.45,19.45,False,False,False,True,False,False,False,True,True,False,True,False,True,False,True,False,True,False,True,False,False,False,True,False,True,False,1,0.3829279384508624,0
1,72,84.1,5981.65,True,True,False,True,False,True,False,False,False,True,False,True,False,True,False,False,False,True,False,True,False,True,True,True,False,False,0,0.0217726027210144,0
0,63,109.25,6841.4,False,True,False,True,False,True,True,False,False,False,False,True,False,True,False,True,False,True,False,True,False,True,True,False,False,False,0,0.09548713768163762,0
0,68,79.6,5461.45,True,False,False,True,False,False,True,False,False,False,False,True,False,True,False,False,False,False,False,False,True,False,False,True,False,False,0,0.046952039123654435,0
1,59,99.5,5890.0,False,False,False,True,False,True,True,False,False,False,False,False,False,True,False,False,False,True,False,True,True,False,True,False,True,False,0,0.36430368957959186,0
1,52,48.8,2555.05,True,False,False,False,True,False,False,False,False,True,False,False,False,False,False,False,False,True,False,True,False,False,True,True,False,False,0,0.15434350321604287,0
1,26,105.75,2710.25,True,True,True,True,False,True,True,False,False,False,False,True,False,True,False,False,False,True,False,True,False,False,False,False,True,False,1,0.571073581352283,1
0,66,56.6,3789.2,True,True,False,False,True,False,False,False,False,True,False,True,False,True,False,True,False,True,False,False,False,True,True,False,False,False,0,0.011491732358112029,0
1,56,95.65,5471.75,False,True,False,True,False,True,True,False,False,True,False,True,False,True,False,True,False,False,False,False,True,False,False,False,True,False,0,0.09528923397642622,0
0,72,79.2,5401.9,False,True,False,True,False,True,False,False,False,True,False,True,False,True,False,True,False,True,False,False,False,True,False,True,False,False,0,0.006259650535519328,0
1,2,70.1,141.65,True,True,False,True,False,False,True,False,False,False,False,False,False,False,False,False,False,False,False,False,False,False,False,False,True,False,0,0.6556404642066855,1
0,68,117.2,8035.95,True,False,False,True,False,True,True,False,False,True,False,True,False,True,False,True,False,True,False,True,True,False,True,True,False,False,0,0.10949607947248118,0
0,61,84.9,5264.5,True,True,True,True,False,False,False,False,False,True,False,True,False,True,False,True,False,True,False,True,True,False,False,False,False,False,0,0.02136334992229236,0
0,1,20.05,20.05,True,False,False,True,False,False,False,True,True,False,True,False,True,False,True,False,True,False,True,False,False,False,False,False,False,True,0,0.19923892304509075,0
0,2,19.9,33.7,True,False,False,True,False,False,False,True,True,False,True,False,True,False,True,False,True,False,True,False,False,False,True,True,False,False,0,0.2391974936015285,0
0,2,19.5,31.55,False,False,False,True,False,False,False,True,True,False,True,False,True,False,True,False,True,False,True,False,False,False,False,False,False,True,1,0.1998168145252158,0
1,68,84.65,5683.6,True,True,True,True,False,True,True,False,False,False,False,True,False,True,False,False,False,False,False,False,False,False,True,False,True,False,0,0.21976133833558664,0
0,9,68.25,576.95,True,False,False,True,False,False,False,False,False,True,False,False,False,True,False,True,False,False,False,True,False,False,True,False,False,False,0,0.241000947399837,0
0,13,83.2,1060.6,True,False,False,True,False,False,True,False,False,False,False,False,False,True,False,False,False,True,False,False,False,False,True,False,True,False,1,0.6317338509897663,1
0,22,20.05,470.2,False,False,False,True,False,False,False,True,True,False,True,False,True,False,True,False,True,False,True,False,False,False,True,False,False,True,0,0.11107359707726515,0
0,66,25.3,1673.8,True,False,True,True,False,True,False,True,True,False,True,False,True,False,True,False,True,False,True,False,False,True,True,True,False,False,0,0.003435516543420085,0
0,8,20.35,178.7,True,False,True,True,False,False,False,True,True,False,True,False,True,False,True,False,True,False,True,False,False,False,False,False,False,True,0,0.12916754016579765,0
0,2,69.95,143.9,True,True,True,True,False,False,True,False,False,False,False,False,False,False,False,False,False,False,False,False,False,False,False,False,False,True,0,0.491966176031003,0
0,3,55.8,154.55,True,True,False,True,False,False,False,False,False,False,False,False,False,True,False,True,False,False,False,False,False,False,True,False,False,True,0,0.3219180065705329,0
0,5,92.5,452.7,True,False,False,True,False,True,True,False,False,False,False,False,False,True,False,False,False,True,False,False,False,False,True,False,True,False,1,0.72890693480789,1
0,13,20.0,268.45,True,False,False,True,False,False,False,True,True,False,True,False,True,False,True,False,True,False,True,False,False,True,False,True,False,False,0,0.030734891110465873,0
0,53,65.0,3363.8,True,True,True,True,False,False,False,False,False,False,False,True,False,False,False,True,False,True,False,False,False,False,False,True,False,False,0,0.04071995649241199,0
0,3,20.0,49.65,True,True,False,True,False,False,False,True,True,False,True,False,True,False,True,False,True,False,True,False,False,False,False,False,False,False,0,0.1977478151848853,0
0,46,94.9,4422.95,True,False,False,True,False,True,True,False,False,False,False,True,False,True,False,False,False,True,False,False,True,False,True,True,False,False,0,0.2065306850876998,0
0,39,40.3,1630.4,False,False,False,False,True,False,False,False,False,True,False,True,False,False,False,True,False,False,False,False,True,False,True,False,False,False,0,0.05199492902180863,0
0,30,107.5,3242.5,False,True,True,True,False,True,True,False,False,False,False,True,False,True,False,True,False,True,False,True,False,False,True,False,True,False,0,0.527487318034406,1
0,23,98.7,2249.1,False,False,False,True,False,True,True,False,False,False,False,True,False,False,False,False,False,True,False,True,False,False,True,True,False,False,0,0.576448904505711,1
0,40,20.4,854.9,True,False,True,True,False,False,False,True,True,False,True,False,True,False,True,False,True,False,True,False,True,False,True,False,False,False,0,0.02165237081330248,0
0,45,62.55,2796.45,False,False,False,True,False,False,False,False,False,True,False,True,False,False,False,True,False,False,False,False,True,False,True,True,False,False,0,0.024885236418073782,0
0,53,19.65,978.0,True,False,False,True,False,False,False,True,True,False,True,False,True,False,True,False,True,False,True,False,False,True,False,False,False,False,0,0.004275497749391508,0
1,72,112.4,8046.85,False,True,False,True,False,True,True,False,False,True,False,True,False,True,False,False,False,True,False,True,False,True,True,False,True,False,0,0.11616967592668082,0
0,28,20.3,487.95,True,True,True,True,False,False,False,True,True,False,True,False,True,False,True,False,True,False,True,False,False,True,True,True,False,False,0,0.017628023396957744,0
0,49,67.4,3306.85,False,False,False,True,False,False,False,False,False,True,False,True,False,True,False,True,False,False,False,False,False,True,False,False,False,False,0,0.008221624508277613,0
0,1,74.6,74.6,True,True,False,True,False,True,True,False,False,False,False,False,False,False,False,False,False,False,False,False,False,False,True,False,False,False,1,0.6845990387329377,1
0,20,81.0,1683.7,False,True,False,True,False,False,True,False,False,False,False,False,False,True,False,True,False,False,False,False,False,False,True,False,False,True,0,0.3800813285686498,0
0,53,60.6,3297.0,False,True,True,True,False,False,False,False,False,False,False,False,False,True,False,False,False,False,False,True,True,False,False,True,False,False,0,0.04137251976510049,0
0,67,69.2,4671.65,True,True,False,True,False,False,False,False,False,True,False,True,False,False,False,True,False,False,False,True,False,True,True,True,False,False,0,0.00811234624568744,0
0,11,73.85,926.25,True,False,False,True,False,False,True,False,False,False,False,False,False,False,False,True,False,False,False,False,False,False,True,False,True,False,1,0.530814469386336,1
0,52,85.8,4433.3,False,True,True,True,False,False,True,False,False,False,False,True,False,True,False,True,False,False,False,False,False,False,False,False,False,False,0,0.10639061241494709,0
0,1,90.55,90.55,False,False,False,True,False,False,True,False,False,False,False,False,False,False,False,False,False,True,False,True,False,False,False,False,True,False,1,0.714639293776095,1
0,48,55.5,2627.35,False,False,False,True,False,False,False,False,False,True,False,True,False,False,False,False,False,False,False,False,False,True,False,True,False,False,0,0.010120007724891635,0
0,7,75.45,480.75,False,False,False,True,False,True,True,False,False,False,False,False,False,False,False,False,False,False,False,False,False,False,False,False,False,True,1,0.5407977375328131,1
0,7,71.35,515.75,True,True,True,True,False,False,False,False,False,True,False,False,False,True,False,True,False,False,False,True,False,False,True,True,False,False,0,0.21739310237127407,0
0,12,84.05,966.55,False,False,True,True,False,True,True,False,False,False,False,False,False,False,False,False,False,True,False,False,False,False,True,False,True,False,0,0.6756380687842211,1
0,40,24.6,973.95,True,False,False,True,False,True,False,True,True,False,True,False,True,False,True,False,True,False,True,False,False,True,True,False,False,True,0,0.015236959686879615,0
0,55,77.8,4323.35,True,False,False,True,False,True,False,False,False,False,False,False,False,True,False,False,False,True,False,True,False,True,True,False,False,False,0,0.05397199191337993,0
0,20,19.5,403.15,False,False,False,True,False,False,False,True,True,False,True,False,True,False,True,False,True,False,True,False,True,False,False,False,False,True,0,0.0498056506364424,0
0,1,35.55,35.55,True,False,False,False,True,False,False,False,False,False,False,False,False,False,False,False,False,False,False,True,False,False,True,False,True,False,1,0.7286504038348778,1
0,72,84.2,5986.55,False,True,True,True,False,True,False,False,False,True,False,False,False,True,False,True,False,True,False,True,False,True,True,False,False,False,0,0.015311528270154792,0
0,63,110.1,6705.7,True,True,False,True,False,False,True,False,False,True,False,True,False,True,False,True,False,True,False,True,False,True,True,True,False,False,0,0.04175092431260958,0
0,70,64.55,4504.9,False,True,False,False,True,False,False,False,False,True,False,True,False,True,False,True,False,True,False,True,False,True,False,False,False,False,0,0.011384860303806036,0
0,8,64.1,504.05,False,False,False,True,False,False,False,False,False,False,False,False,False,True,False,True,False,False,False,True,False,False,False,False,False,True,0,0.27104772979316366,0
0,1,45.65,45.65,False,False,False,True,False,False,False,False,False,False,False,False,False,False,False,False,False,False,False,False,False,False,True,False,True,False,1,0.5299533408125332,1
0,16,19.75,284.35,True,False,False,True,False,False,False,True,True,False,True,False,True,False,True,False,True,False,True,False,False,True,False,False,False,True,0,0.02745601091340207,0
0,11,25.2,321.05,False,False,True,False,True,False,False,False,False,False,False,False,False,False,False,False,False,False,False,False,False,False,False,False,True,False,0,0.4519413607757994,0
0,11,74.95,815.5,True,False,False,True,False,False,True,False,False,False,False,True,False,False,False,False,False,False,False,False,False,False,False,False,True,False,1,0.47940304644527404,0
0,41,88.5,3645.05,False,False,True,True,False,True,True,False,False,False,False,True,False,False,False,False,False,True,False,False,False,False,True,False,False,False,0,0.35077480852868015,0
0,14,76.1,1054.8,True,False,True,True,False,False,False,False,False,True,False,True,False,True,False,True,False,False,False,True,False,True,False,False,False,False,0,0.03191426296553383,0
0,61,88.65,5321.25,False,False,False,True,False,True,False,False,False,False,False,True,False,True,False,True,False,True,False,True,False,True,False,True,False,False,0,0.020625884161726,0
0,20,89.4,1871.15,False,False,False,True,False,False,True,False,False,True,False,False,False,True,False,False,False,True,False,False,False,False,True,False,False,False,0,0.41256590551801986,0
0,47,106.4,5127.95,False,False,False,True,False,True,True,False,False,False,False,True,False,True,False,False,False,True,False,True,False,False,True,False,True,False,1,0.5366702921609028,1
0,2,59.5,130.5,True,True,True,True,False,False,False,False,False,True,False,True,False,False,False,True,False,False,False,False,False,True,False,False,False,True,0,0.04018653882379253,0
0,41,60.3,2511.3,True,True,True,True,False,False,False,False,False,True,False,True,False,True,False,False,False,False,False,False,True,False,True,False,False,False,0,0.038021552437201254,0
0,72,25.25,1841.2,False,True,False,True,False,True,False,True,True,False,True,False,True,False,True,False,True,False,True,False,False,True,True,False,False,False,0,0.0036477820489972854,0
0,72,80.2,5714.2,False,True,True,True,False,True,False,False,False,True,False,True,False,True,False,True,False,True,False,False,False,True,False,False,False,False,0,0.00635666219364497,0
0,46,95.65,4664.2,False,False,False,True,False,False,True,False,False,True,False,True,False,True,False,False,False,True,False,False,True,False,True,True,False,False,0,0.12770790961409323,0
0,1,19.8,19.8,True,False,False,True,False,False,False,True,True,False,True,False,True,False,True,False,True,False,True,False,False,False,False,False,False,True,1,0.19975467933336166,0
0,29,45.0,1242.45,True,False,True,False,True,False,False,False,False,True,False,True,False,True,False,True,False,False,False,False,False,False,True,False,False,True,0,0.10867935369595459,0
0,37,100.05,3810.55,False,False,False,True,False,True,True,False,False,False,False,False,False,True,False,False,False,True,False,True,False,False,True,False,True,False,0,0.6294392386331046,1
0,19,61.55,1093.2,True,False,False,True,False,False,False,False,False,False,False,False,False,False,False,True,False,True,False,False,False,False,True,True,False,False,0,0.21588113364613057,0
0,49,78.0,3824.2,False,True,True,True,False,False,False,False,False,False,False,True,False,True,False,False,False,True,False,True,True,False,False,True,False,False,0,0.055971838566779814,0
0,13,44.0,659.35,True,False,True,True,False,False,False,False,False,False,False,False,False,False,False,False,False,False,False,False,False,False,False,False,False,True,0,0.22056371444374767,0
0,22,49.8,1049.05,False,False,False,True,False,False,False,False,False,True,False,False,False,False,False,False,False,False,False,False,False,False,True,False,True,False,0,0.2267952771821589,0
1,53,96.75,5206.55,False,False,False,True,False,False,True,False,False,True,False,True,False,False,False,True,False,False,False,True,True,False,True,False,False,True,0,0.10092964974530125,0
0,24,49.55,1210.4,True,False,False,True,False,False,False,False,False,True,False,False,False,False,False,False,False,False,False,False,False,False,True,False,False,False,1,0.1599324088092358,0
0,37,19.8,813.3,False,False,False,True,False,False,False,True,True,False,True,False,True,False,True,False,True,False,True,False,False,True,False,False,False,True,0,0.010284976977629886,0
0,6,55.3,324.25,True,True,True,True,False,False,False,False,False,False,False,True,False,True,False,False,False,False,False,False,False,False,True,False,False,True,1,0.30189056749144727,0
0,7,79.65,604.7,False,False,False,True,False,True,True,False,False,True,False,False,False,False,False,False,False,False,False,False,False,False,True,False,False,True,1,0.5225616153209658,1
0,12,19.8,229.6,False,True,True,True,False,False,False,True,True,False,True,False,True,False,True,False,True,False,True,False,True,False,False,False,False,False,1,0.06878599506025336,0
0,71,25.0,1753.0,False,True,False,True,False,True,False,True,True,False,True,False,True,False,True,False,True,False,True,False,False,True,False,False,False,False,0,0.002701374583042814,0
0,26,82.0,2083.1,True,True,True,True,False,True,False,False,False,False,False,False,False,True,False,True,False,True,False,True,True,False,True,True,False,False,0,0.15604138517712274,0
0,6,45.65,323.45,False,True,False,True,False,False,False,False,False,False,False,False,False,False,False,False,False,False,False,False,False,False,False,False,False,True,0,0.32764137369497537,0
0,32,87.65,2766.4,True,False,False,True,False,True,True,False,False,True,False,False,False,False,False,True,False,False,False,False,False,False,False,False,False,False,0,0.19129412671056817,0
0,47,58.6,2723.4,False,True,False,True,False,False,False,False,False,False,False,True,False,False,False,False,False,True,False,False,False,False,True,False,False,False,0,0.1208452724744011,0
0,31,21.0,697.7,False,True,True,True,False,False,False,True,True,False,True,False,True,False,True,False,True,False,True,False,False,True,False,False,False,True,0,0.012463437484002055,0
0,52,84.05,4326.8,False,True,True,True,False,False,True,False,False,True,False,False,False,True,False,True,False,False,False,False,False,False,True,False,False,False,0,0.11296166242136221,0
0,60,60.8,3603.45,False,True,False,False,True,False,False,False,False,False,False,True,False,True,False,True,False,True,False,True,False,True,False,True,False,False,0,0.021540373325234206,0
0,48,65.65,3094.65,False,True,False,True,False,False,False,False,False,False,False,True,False,True,False,False,False,False,False,True,True,False,True,False,True,False,0,0.09822177575493107,0
0,45,18.85,867.3,True,False,False,True,False,False,False,True,True,False,True,False,True,False,True,False,True,False,True,False,True,False,False,False,False,False,0,0.014027667521236402,0
0,39,80.45,3201.55,False,False,False,True,False,False,True,False,False,False,False,False,False,True,False,True,False,False,False,False,False,True,True,False,True,False,1,0.09998102324258568,0
1,1,85.7,85.7,False,False,False,True,False,True,True,False,False,False,False,False,False,False,False,False,False,True,False,False,False,False,True,False,True,False,1,0.8007992005738096,1
0,1,69.6,69.6,True,False,False,True,False,False,True,False,False,False,False,False,False,False,False,False,False,False,False,False,False,False,True,False,True,False,1,0.6903453646461422,1
0,6,79.05,434.5,False,False,False,True,False,True,True,False,False,True,False,False,False,False,False,False,False,False,False,False,False,False,True,False,True,False,1,0.6134325303778522,1
0,9,76.25,684.85,True,False,False,True,False,True,True,False,False,False,False,False,False,False,False,False,False,False,False,False,False,False,True,False,True,False,0,0.6780218679949992,1
0,72,114.05,8468.2,True,True,True,True,False,True,True,False,False,True,False,True,False,True,False,True,False,True,False,True,False,True,True,True,False,False,0,0.046990475351034844,0
1,71,52.3,3765.05,True,True,False,False,True,False,False,False,False,False,False,True,False,True,False,False,False,True,False,True,False,False,True,False,False,False,0,0.11428268191849995,0
0,71,19.6,1387.45,True,True,True,True,False,False,False,True,True,False,True,False,True,False,True,False,True,False,True,False,False,True,True,False,False,False,0,0.0021735748858637757,0
0,64,94.6,5948.7,False,True,False,True,False,True,True,False,False,True,False,False,False,True,False,False,False,True,False,False,False,True,True,True,False,False,0,0.056651818902051405,0
0,28,19.55,543.8,False,True,True,True,False,False,False,True,True,False,True,False,True,False,True,False,True,False,True,False,False,False,True,False,False,False,0,0.07878742374339448,0
0,70,115.15,8250.0,False,True,True,True,False,True,True,False,False,True,False,True,False,True,False,True,False,True,False,True,False,True,True,True,False,False,0,0.05086033262575801,0
1,39,95.65,3759.05,True,False,False,True,False,True,True,False,False,False,False,False,False,False,False,False,False,True,False,True,False,False,True,False,False,False,1,0.5575012061997751,1
0,16,20.4,321.4,False,True,True,True,False,False,False,True,True,False,True,False,True,False,True,False,True,False,True,False,False,False,False,False,True,False,0,0.1346679602073138,0
1,66,110.85,7491.75,True,True,False,True,False,True,True,False,False,False,False,True,False,True,False,True,False,True,False,True,True,False,True,False,True,False,1,0.25947393001258984,0
1,21,95.4,2025.1,False,False,False,True,False,True,True,False,False,False,False,False,False,False,False,False,False,True,False,True,False,False,True,False,False,False,0,0.6860218265921837,1
0,44,84.8,3862.55,False,False,False,True,False,True,True,False,False,False,False,True,False,True,False,False,False,False,False,False,False,False,True,False,False,False,1,0.31376741211317327,0
1,54,99.1,5437.1,False,True,False,True,False,False,True,False,False,False,False,False,False,True,False,True,False,True,False,True,True,False,True,False,True,False,0,0.2767868882999369,0
0,4,56.75,245.15,True,False,False,True,False,False,False,False,False,True,False,False,False,True,False,False,False,False,False,False,False,False,False,False,True,False,0,0.2893558475053951,0
1,60,110.0,6668.35,False,True,False,True,False,False,True,False,False,True,False,True,False,True,False,True,False,True,False,True,False,True,True,False,False,False,0,0.06480024252629708,0
0,26,92.4,2349.8,True,False,False,True,False,True,True,False,False,True,False,True,False,False,False,False,False,True,False,False,False,False,True,True,False,False,0,0.35920891391023935,0
0,24,78.6,1846.65,False,True,True,True,False,True,False,False,False,True,False,False,False,True,False,False,False,True,False,True,False,True,False,True,False,False,0,0.061594946765356824,0
0,53,19.4,1110.35,True,True,True,True,False,False,False,True,True,False,True,False,True,False,True,False,True,False,True,False,False,True,True,False,False,True,0,0.0054270165872486635,0
0,46,19.4,958.15,False,True,True,True,False,False,False,True,True,False,True,False,True,False,True,False,True,False,True,False,False,True,False,True,False,False,0,0.005558356043964018,0
0,56,88.9,4968.0,False,True,True,True,False,False,True,False,False,False,False,False,False,False,False,False,False,True,False,True,True,False,False,False,False,False,0,0.14596581231155864,0
0,7,59.1,369.25,False,False,False,True,False,False,False,False,False,True,False,False,False,False,False,False,False,False,False,True,True,False,True,False,True,False,0,0.27997289404295533,0
0,1,85.8,85.8,False,False,False,True,False,True,True,False,False,False,False,False,False,False,False,False,False,False,False,True,False,False,False,False,False,True,1,0.6538608696550741,1
0,1,45.55,45.55,True,False,False,True,False,False,False,False,False,False,False,False,False,False,False,False,False,False,False,False,False,False,True,False,False,True,0,0.42836424359327,0
0,60,19.95,1258.15,True,True,False,True,False,False,False,True,True,False,True,False,True,False,True,False,True,False,True,False,False,True,False,False,False,True,0,0.003160834927888757,0
0,61,20.55,1252.0,True,True,False,True,False,False,False,True,True,False,True,False,True,False,True,False,True,False,True,False,True,False,True,True,False,False,0,0.00835203035076852,0
0,42,33.55,1445.3,False,True,False,False,True,False,False,False,False,False,False,True,False,False,False,True,False,False,False,False,True,False,False,False,False,True,1,0.048742878141244915,0
0,27,19.85,470.0,True,False,False,True,False,False,False,True,True,False,True,False,True,False,True,False,True,False,True,False,False,True,False,True,False,False,0,0.014828714873758446,0
0,9,85.35,754.65,False,True,True,True,False,True,True,False,False,False,False,False,False,False,False,False,False,True,False,False,False,False,True,False,False,False,1,0.6366596815360775,1
0,72,20.05,1423.65,False,True,False,True,False,False,False,True,True,False,True,False,True,False,True,False,True,False,True,False,False,True,False,False,False,False,0,0.0018186385229233624,0
0,23,19.65,478.1,False,False,False,True,False,False,False,True,True,False,True,False,True,False,True,False,True,False,True,False,True,False,True,True,False,False,0,0.05651700243639336,0
1,47,95.05,4504.55,False,False,False,True,False,True,True,False,False,False,False,True,False,False,False,True,False,True,False,False,False,False,True,False,True,False,1,0.38878264802875945,0
1,54,18.95,1031.1,False,True,False,True,False,False,False,True,True,False,True,False,True,False,True,False,True,False,True,False,False,True,True,False,False,True,0,0.007263669987104633,0
1,2,95.5,181.65,True,True,False,True,False,False,True,False,False,False,False,False,False,True,False,False,False,True,False,True,False,False,True,True,False,False,0,0.7178933730213809,1
0,38,60.0,2193.2,True,True,False,False,True,False,False,False,False,True,False,True,False,False,False,True,False,True,False,True,False,True,True,False,False,False,0,0.04695794252048525,0
1,47,99.7,4747.2,False,True,False,True,False,True,True,False,False,False,False,False,False,True,False,False,False,True,False,True,False,False,False,False,True,False,0,0.5334964621049549,1
0,22,56.25,1292.2,True,True,False,True,False,False,False,False,False,True,False,False,False,False,False,True,False,False,False,False,True,False,True,True,False,False,0,0.07006518694974939,0
0,2,91.45,171.45,True,True,False,True,False,True,True,False,False,False,False,False,False,True,False,False,False,True,False,False,False,False,True,False,True,False,0,0.7586626263179795,1
0,72,79.05,5730.7,False,True,True,True,False,True,True,False,False,True,False,False,False,False,False,False,False,False,False,False,False,True,False,False,False,False,0,0.020966858555129215,0
1,58,45.3,2651.2,True,True,False,False,True,False,False,False,False,False,False,True,False,True,False,False,False,False,False,True,False,False,True,False,True,False,1,0.17980006640480864,0
0,69,79.2,5420.65,True,True,True,True,False,True,True,False,False,False,False,False,False,True,False,False,False,False,False,False,False,True,True,True,False,False,0,0.04045808593885591,0
0,18,69.5,1199.4,True,False,False,True,False,True,False,False,False,True,False,False,False,True,False,False,False,True,False,False,False,False,False,False,False,True,0,0.205638844518435,0
0,55,20.0,1087.25,False,True,True,True,False,False,False,True,True,False,True,False,True,False,True,False,True,False,True,False,False,False,False,True,False,False,0,0.013650311965454447,0
0,46,101.1,4674.4,False,False,False,True,False,True,True,False,False,False,False,False,False,True,False,False,False,True,False,True,True,False,True,False,True,False,0,0.40870840293912536,0
0,5,19.25,86.05,True,False,False,True,False,False,False,True,True,False,True,False,True,False,True,False,True,False,True,False,False,False,True,False,False,True,0,0.22157422584536993,0
0,4,33.65,137.85,False,False,False,False,True,False,False,False,False,True,False,True,False,False,False,False,False,False,False,False,False,False,True,False,True,False,1,0.5024925573511555,1
1,5,89.5,477.7,True,False,False,True,False,False,True,False,False,False,False,False,False,False,False,False,False,True,False,True,False,False,True,False,True,False,1,0.7803840199525057,1
0,65,61.35,3874.1,False,True,True,True,False,False,False,False,False,True,False,True,False,True,False,False,False,False,False,False,True,False,False,False,False,False,0,0.011100290111847867,0
0,35,21.45,705.45,True,False,False,True,False,False,False,True,True,False,True,False,True,False,True,False,True,False,True,False,False,True,False,False,False,False,0,0.010792446213710276,0
1,45,97.05,4385.05,False,False,False,True,False,True,True,False,False,True,False,True,False,False,False,True,False,True,False,False,False,False,True,False,True,False,0,0.31171243960953837,0
0,2,19.9,57.4,False,False,False,True,False,False,False,True,True,False,True,False,True,False,True,False,True,False,True,False,False,False,False,False,True,False,0,0.2639691652582952,0
0,22,80.15,1790.65,False,True,True,True,False,False,True,False,False,False,False,False,False,False,False,False,False,False,False,True,False,False,True,False,True,False,0,0.5802787225999005,1
0,70,68.95,4858.7,True,True,True,True,False,True,False,False,False,True,False,False,False,True,False,False,False,True,False,False,False,True,False,True,False,False,0,0.00859070330275587,0
0,30,66.3,1923.5,False,True,True,True,False,False,False,False,False,True,False,False,False,False,False,True,False,False,False,True,False,False,False,False,False,False,0,0.08991683567675968,0
0,61,107.75,6521.9,True,False,False,True,False,True,True,False,False,True,False,True,False,True,False,False,False,True,False,True,True,False,True,False,True,False,0,0.21066908978802562,0
0,29,20.35,617.35,False,False,False,True,False,False,False,True,True,False,True,False,True,False,True,False,True,False,True,False,True,False,False,False,False,True,0,0.03187806683238493,0
0,61,105.55,6281.45,True,True,False,True,False,True,True,False,False,False,False,True,False,True,False,False,False,True,False,True,False,False,True,False,True,False,1,0.42974333900836575,0
0,25,90.4,2178.6,True,True,True,True,False,False,True,False,False,False,False,False,False,False,False,False,False,True,False,True,True,False,True,False,True,False,1,0.4340945298303665,0
0,71,113.15,7953.25,True,True,False,True,False,True,True,False,False,False,False,True,False,True,False,True,False,True,False,True,True,False,True,False,False,False,0,0.1538189377544559,0
0,1,35.0,35.0,False,True,False,False,True,False,False,False,False,False,False,False,False,False,False,False,False,False,False,True,False,False,False,False,True,False,0,0.6830700900959502,1
0,62,70.45,4300.45,False,True,True,True,False,True,False,False,False,False,False,False,False,False,False,False,False,True,False,True,False,False,True,True,False,False,0,0.12578386606750477,0
0,64,73.55,4764.0,True,True,False,True,False,False,True,False,False,True,False,False,False,False,False,False,False,False,False,False,False,False,True,False,False,True,0,0.10769481062047999,0
0,64,90.6,5817.45,False,True,True,True,False,True,False,False,False,True,False,True,False,True,False,True,False,True,False,True,False,True,True,False,False,True,0,0.017774791580383795,0
1,29,84.3,2357.75,True,True,False,True,False,True,True,False,False,False,False,False,False,False,False,False,False,False,False,True,False,False,True,False,True,False,0,0.6483257414953281,1
0,2,70.75,146.9,False,False,False,True,False,False,False,False,False,True,False,False,False,False,False,False,False,True,False,True,False,False,True,False,True,False,1,0.5103543233321296,1
0,1,19.65,19.65,True,False,False,True,False,False,False,True,True,False,True,False,True,False,True,False,True,False,True,False,False,False,False,False,False,False,0,0.20642254642406485,0
0,1,50.65,50.65,True,False,False,True,False,False,False,False,False,False,False,True,False,False,False,False,False,False,False,False,False,False,False,False,False,True,1,0.3050235300985493,0
0,45,24.65,1171.3,False,True,True,True,False,True,False,True,True,False,True,False,True,False,True,False,True,False,True,False,False,True,True,True,False,False,0,0.011029634722493221,0
0,66,114.3,7383.7,True,False,False,True,False,True,True,False,False,True,False,True,False,True,False,True,False,True,False,True,True,False,True,False,False,False,0,0.1131995818252851,0
0,54,106.55,5763.3,False,True,False,True,False,True,True,False,False,True,False,True,False,False,False,False,False,True,False,True,True,False,False,False,False,False,1,0.15428188711912696,0
0,70,80.4,5717.85,False,True,True,True,False,False,False,False,False,False,False,True,False,True,False,True,False,True,False,True,False,True,True,False,False,False,0,0.01589654760510838,0
1,37,92.5,3473.4,True,True,False,True,False,True,True,False,False,False,False,False,False,False,False,False,False,True,False,True,False,False,True,False,True,False,1,0.6627814220454622,1
1,3,79.9,260.9,True,False,False,True,False,False,True,False,False,False,False,False,False,False,False,False,False,True,False,False,False,False,True,False,True,False,1,0.7419618419649238,1
0,23,55.3,1284.2,True,False,True,True,False,False,False,False,False,False,False,True,False,False,False,True,False,False,False,False,False,False,True,False,False,False,0,0.13386667730835064,0
1,60,100.5,6029.0,False,True,False,True,False,True,True,False,False,False,False,False,False,True,False,False,False,True,False,True,True,False,True,True,False,False,0,0.2818509784115069,0
0,35,33.45,1175.85,False,False,False,False,True,False,False,False,False,False,False,False,False,True,False,True,False,False,False,False,False,False,True,False,False,True,0,0.17002540566833516,0
0,27,74.4,1972.35,False,True,True,True,False,False,True,False,False,True,False,False,False,False,False,False,False,False,False,False,False,False,False,False,False,True,0,0.21349441519504342,0
0,24,52.5,1208.15,False,True,True,False,True,False,False,False,False,True,False,True,False,True,False,True,False,False,False,True,False,True,True,False,False,True,0,0.055949033130334586,0
1,2,93.85,170.85,False,False,False,True,False,True,True,False,False,False,False,False,False,False,False,False,False,True,False,True,False,False,True,False,True,False,1,0.8373553370876892,1
0,67,90.6,6056.15,True,True,False,True,False,False,True,False,False,True,False,True,False,False,False,False,False,False,False,True,True,False,True,True,False,False,1,0.07307256538662342,0
0,2,47.8,92.45,True,False,False,True,False,False,False,False,False,True,False,False,False,False,False,False,False,False,False,False,False,False,True,False,True,False,1,0.4028262239204301,0
0,1,20.4,20.4,False,False,False,True,False,False,False,True,True,False,True,False,True,False,True,False,True,False,True,False,False,False,False,False,False,True,1,0.20669489895106696,0
0,1,79.35,79.35,False,False,True,True,False,False,True,False,False,False,False,False,False,False,False,False,False,True,False,False,False,False,True,False,True,False,1,0.7012306878444534,1
0,14,54.25,773.2,False,False,False,True,False,True,False,False,False,False,False,True,False,False,False,False,False,False,False,False,True,False,True,False,False,True,0,0.20645600804434394,0
1,38,94.75,3653.0,True,False,False,True,False,True,True,False,False,False,False,False,False,False,False,False,False,True,False,True,False,False,False,False,True,False,0,0.5628169577488538,1
0,1,70.1,70.1,False,False,False,True,False,False,True,False,False,False,False,False,False,False,False,False,False,False,False,False,False,False,True,False,True,False,1,0.6997043613924305,1
0,2,70.4,154.8,False,True,False,True,False,False,True,False,False,False,False,False,False,False,False,False,False,False,False,False,False,False,True,True,False,False,0,0.6128973197517433,1
0,12,78.95,927.35,False,False,False,True,False,True,True,False,False,True,False,False,False,False,False,False,False,False,False,False,False,False,True,False,True,False,1,0.567280093683235,1
0,31,98.05,3082.1,True,True,True,True,False,True,True,False,False,True,False,False,False,True,False,False,False,True,False,False,True,False,False,False,False,False,0,0.1757712380490283,0
0,35,72.1,2495.15,True,False,True,True,False,False,False,False,False,False,False,False,False,False,False,True,False,True,False,True,True,False,True,False,False,True,0,0.09337546555717043,0
1,72,109.55,7920.7,True,True,False,True,False,True,True,False,False,True,False,True,False,True,False,False,False,True,False,True,False,True,True,False,False,False,0,0.08304365623566265,0
0,8,94.2,777.3,False,True,True,True,False,False,True,False,False,False,False,False,False,True,False,False,False,True,False,True,False,False,True,False,True,False,1,0.7171989257353911,1
0,10,98.5,1037.75,True,True,False,True,False,True,True,False,False,False,False,False,False,True,False,False,False,True,False,True,False,False,True,False,True,False,1,0.7769138482080649,1
1,5,69.05,318.5,False,False,False,True,False,False,True,False,False,False,False,False,False,False,False,False,False,False,False,False,False,False,True,False,False,True,1,0.6245288804983493,1
0,63,83.5,5435.0,True,True,True,True,False,True,False,False,False,True,False,True,False,True,False,False,False,True,False,True,False,True,False,True,False,False,0,0.016263557921341956,0
0,71,25.6,1888.25,False,True,False,True,False,True,False,True,True,False,True,False,True,False,True,False,True,False,True,False,False,True,False,True,False,False,0,0.0025601473516054566,0
1,46,104.45,4863.85,False,False,False,True,False,True,True,False,False,False,False,True,False,True,False,False,False,True,False,True,False,False,True,False,True,False,0,0.5766882685606121,1
0,52,23.05,1255.1,False,True,True,True,False,True,False,True,True,False,True,False,True,False,True,False,True,False,True,False,False,True,False,False,False,True,0,0.005827163034974762,0
0,1,46.3,46.3,True,False,False,True,False,False,False,False,False,False,False,False,False,False,False,False,False,False,False,False,False,False,False,False,False,True,1,0.3468348037155476,0
0,1,79.6,79.6,True,False,False,True,False,False,True,False,False,False,False,False,False,False,False,False,False,False,False,True,False,False,False,False,True,False,1,0.6735149814322353,1
0,72,112.75,8192.6,False,False,False,True,False,True,True,False,False,True,False,True,False,True,False,True,False,True,False,True,False,True,True,True,False,False,0,0.05079819686134194,0
0,3,83.75,247.25,False,False,False,True,False,False,True,False,False,False,False,True,False,False,False,False,False,True,False,False,False,False,False,False,True,False,1,0.6036893520704464,1
0,28,60.9,1785.65,True,True,False,True,False,False,False,False,False,True,False,True,False,False,False,True,False,False,False,False,False,False,False,False,False,True,0,0.0676517207789965,0
0,39,51.05,2066.0,False,True,True,True,False,False,False,False,False,True,False,False,False,False,False,False,False,False,False,False,False,False,False,True,False,False,0,0.060017999837228754,0
0,33,25.7,826.1,False,False,False,True,False,True,False,True,True,False,True,False,True,False,True,False,True,False,True,False,False,True,False,True,False,False,0,0.015400728213370674,0
0,12,60.65,743.3,False,False,False,False,True,False,False,False,False,False,False,True,False,True,False,True,False,True,False,True,True,False,False,False,True,False,0,0.30477135933939814,0
0,1,74.5,74.5,True,True,True,True,False,True,True,False,False,False,False,False,False,False,False,False,False,False,False,False,False,False,True,False,True,False,1,0.7187376513095418,1
0,6,78.65,483.3,True,False,False,True,False,False,False,False,False,True,False,False,False,True,False,True,False,True,False,True,False,False,False,True,False,False,0,0.21770841055117357,0
0,3,86.05,244.85,True,False,False,True,False,False,True,False,False,True,False,False,False,False,False,False,False,False,False,True,False,False,True,False,False,True,0,0.5397037339056121,1
0,4,88.45,370.65,True,False,False,True,False,False,True,False,False,False,False,False,False,False,False,False,False,True,False,True,False,False,True,False,True,False,1,0.7584852493393538,1
0,34,89.85,3091.75,True,True,True,True,False,False,True,False,False,False,False,True,False,True,False,False,False,True,False,False,False,False,True,False,True,False,0,0.41089438264194544,0
0,1,19.95,19.95,True,False,False,True,False,False,False,True,True,False,True,False,True,False,True,False,True,False,True,False,False,False,False,False,False,True,0,0.19944510543152041,0
1,15,96.3,1426.75,False,False,False,True,False,False,True,False,False,True,False,False,False,True,False,True,False,False,False,True,False,False,True,False,False,True,1,0.40524407161894943,0
0,1,24.75,24.75,True,False,True,False,True,False,False,False,False,False,False,False,False,False,False,False,False,False,False,False,False,False,False,False,True,False,1,0.5617409786330144,1
0,3,50.65,151.3,False,False,False,True,False,True,False,False,False,False,False,False,False,False,False,False,False,False,False,False,False,False,True,False,False,True,1,0.4781755654014188,0
0,1,20.1,20.1,True,False,False,True,False,False,False,True,True,False,True,False,True,False,True,False,True,False,True,False,False,False,True,False,False,True,1,0.25789481292663463,0
0,3,20.25,71.2,False,False,False,True,False,False,False,True,True,False,True,False,True,False,True,False,True,False,True,False,True,False,False,False,False,True,0,0.11118353514985287,0
0,30,80.8,2369.3,False,True,True,True,False,False,False,False,False,False,False,True,False,True,False,True,False,True,False,True,False,True,False,False,False,False,0,0.0390416087753214,0
0,5,53.85,259.8,False,False,False,True,False,False,False,False,False,True,False,False,False,False,False,True,False,False,False,False,False,False,False,True,False,False,1,0.16799441100227708,0
1,68,20.0,1396.0,True,False,False,True,False,False,False,True,True,False,True,False,True,False,True,False,True,False,True,False,False,True,True,True,False,False,0,0.0030664790579120393,0
0,1,20.35,20.35,False,False,False,True,False,False,False,True,True,False,True,False,True,False,True,False,True,False,True,False,False,False,False,False,False,True,0,0.20680083115097816,0
0,5,80.0,412.5,False,False,False,True,False,False,True,False,False,False,False,False,False,False,False,False,False,False,False,True,False,False,True,False,True,False,1,0.7265839737121597,1
0,1,71.1,71.1,False,False,False,True,False,False,True,False,False,False,False,False,False,False,False,False,False,False,False,False,False,False,False,False,False,True,1,0.5347055440542612,1
0,13,20.0,218.55,True,True,True,True,False,False,False,True,True,False,True,False,True,False,True,False,True,False,True,False,True,False,False,False,False,True,0,0.05955887273010912,0
0,35,80.05,2835.9,False,False,False,True,False,True,True,False,False,False,False,False,False,False,False,True,False,False,False,False,False,False,False,True,False,False,0,0.24245392596217313,0
0,4,69.55,284.9,True,True,True,True,False,False,True,False,False,False,False,False,False,False,False,False,False,False,False,False,False,False,True,False,False,True,0,0.55884787391013,1
0,9,24.95,190.25,True,False,False,False,True,False,False,False,False,False,False,False,False,False,False,False,False,False,False,False,False,False,True,False,True,False,0,0.5810870435200189,1
1,45,85.7,3778.1,False,False,False,True,False,False,True,False,False,True,False,True,False,False,False,True,False,False,False,False,False,False,True,False,False,False,0,0.14955994116903004,0
0,21,28.5,629.35,False,True,False,False,True,False,False,False,False,True,False,False,False,False,False,False,False,False,False,False,False,False,False,False,True,False,0,0.2901360377765875,0
0,26,88.8,2274.35,False,False,False,True,False,False,True,False,False,False,False,False,False,False,False,False,False,True,False,True,False,False,True,False,False,False,1,0.54876208293104,1
0,1,85.0,85.0,False,False,False,True,False,True,True,False,False,False,False,False,False,False,False,False,False,False,False,True,False,False,True,False,True,False,1,0.7925417072354043,1
1,2,88.55,179.25,False,False,False,True,False,True,True,False,False,False,False,False,False,True,False,False,False,False,False,True,False,False,True,False,True,False,1,0.8088968541443642,1
0,11,70.5,829.3,False,False,False,True,False,False,False,False,False,False,False,False,False,False,False,True,False,True,False,True,False,False,False,False,False,True,0,0.2938471784721698,0
0,59,109.15,6557.75,False,True,False,True,False,True,True,False,False,True,False,True,False,True,False,False,False,True,False,True,True,False,True,True,False,False,0,0.18050796552150336,0
0,31,83.85,2674.15,False,True,False,True,False,False,True,False,False,False,False,True,False,False,False,False,False,False,False,True,False,False,True,False,False,False,0,0.4342812393202895,0
0,54,24.75,1342.15,False,True,True,True,False,True,False,True,True,False,True,False,True,False,True,False,True,False,True,False,True,False,True,False,False,False,0,0.016029249980142775,0
0,16,19.3,360.35,False,False,True,True,False,False,False,True,True,False,True,False,True,False,True,False,True,False,True,False,True,False,True,False,False,False,0,0.07504033414814931,0
1,9,54.55,494.05,True,False,False,True,False,True,False,False,False,True,False,False,False,False,False,False,False,False,False,False,False,False,False,False,True,False,1,0.3464872732815179,0
0,21,97.35,2119.5,False,False,False,True,False,True,True,False,False,False,False,False,False,False,False,False,False,True,False,True,False,False,True,False,True,False,1,0.7198558981756137,1
0,1,20.75,20.75,True,False,False,True,False,False,False,True,True,False,True,False,True,False,True,False,True,False,True,False,False,False,False,True,False,False,0,0.19011272552840705,0
0,23,54.4,1249.25,False,False,False,True,False,True,False,False,False,True,False,False,False,False,False,False,False,False,False,False,False,False,False,False,True,False,0,0.21140417901144146,0
1,7,74.4,527.9,True,True,False,True,False,True,True,False,False,False,False,False,False,False,False,False,False,False,False,False,False,False,True,False,False,True,1,0.6671296657810061,1
0,21,103.85,2215.0,True,False,False,True,False,True,True,False,False,True,False,False,False,True,False,False,False,True,False,True,False,False,False,False,False,True,0,0.44224595742709616,0
0,65,107.65,7082.85,False,True,False,True,False,True,True,False,False,False,False,True,False,True,False,True,False,True,False,True,False,True,True,False,False,False,0,0.0938874201439158,0
0,4,44.55,174.3,True,False,False,False,True,False,False,False,False,False,False,False,False,False,False,False,False,True,False,True,False,False,True,False,True,False,1,0.7356335418290672,1
0,72,111.95,8033.1,True,True,True,True,False,False,True,False,False,True,False,True,False,True,False,True,False,True,False,True,False,True,False,False,False,False,0,0.0249492482485603,0
1,68,41.95,2965.75,True,True,False,False,True,False,False,False,False,True,False,True,False,True,False,False,False,False,False,False,False,True,True,False,True,False,0,0.015889054922533,0
0,67,84.8,5598.3,False,True,True,True,False,False,True,False,False,True,False,True,False,True,False,False,False,False,False,False,True,False,False,False,False,False,0,0.034503912113570956,0
0,1,79.25,79.25,True,False,False,True,False,False,True,False,False,False,False,False,False,False,False,False,False,False,False,True,False,False,True,False,True,False,1,0.7433420819654899,1
0,69,95.65,6744.2,False,True,False,True,False,False,True,False,False,False,False,True,False,False,False,False,False,True,False,True,True,False,True,True,False,False,0,0.144324737361839,0
0,60,89.9,5450.7,True,False,False,True,False,True,True,False,False,False,False,True,False,False,False,False,False,True,False,False,False,False,True,False,False,False,0,0.25754233952118905,0
0,3,88.35,262.05,True,False,False,True,False,False,True,False,False,False,False,False,False,True,False,True,False,True,False,False,False,False,True,False,False,True,1,0.5318226446749643,1
0,63,59.0,3707.6,True,True,True,False,True,False,False,False,False,True,False,True,False,True,False,False,False,True,False,True,False,True,False,False,True,False,0,0.021621820226855576,0
0,71,91.25,6589.6,True,True,True,True,False,True,False,False,False,True,False,True,False,True,False,True,False,True,False,True,False,True,True,False,False,True,0,0.01429261142745689,0
0,35,85.95,3110.1,False,False,False,True,False,True,False,False,False,True,False,False,False,True,False,True,False,True,False,True,True,False,True,True,False,False,1,0.10172104280975637,0
0,34,70.0,2416.1,False,False,False,True,False,False,True,False,False,False,False,False,False,False,False,False,False,False,False,False,False,False,True,True,False,False,1,0.3244003439687134,0
0,53,69.7,3729.6,True,True,True,True,False,False,False,False,False,True,False,True,False,False,False,True,False,True,False,False,False,True,True,False,False,True,0,0.010888846446239931,0
0,17,34.4,592.75,True,True,False,False,True,False,False,False,False,True,False,False,False,True,False,False,False,False,False,False,False,False,False,False,False,True,0,0.24115121694368297,0
0,1,60.0,60.0,False,False,True,True,False,False,False,False,False,True,False,True,False,False,False,True,False,False,False,False,False,False,True,False,True,False,1,0.2569755806877053,0
0,56,80.9,4557.5,True,True,False,True,False,False,True,False,False,False,False,False,False,False,False,False,False,False,False,True,True,False,True,False,True,False,0,0.21205464269036767,0
0,7,49.75,331.3,True,True,True,True,False,False,False,False,False,True,False,False,False,False,False,False,False,False,False,False,True,False,True,False,True,False,1,0.20253023166514453,0
0,67,111.3,7567.2,True,True,False,True,False,True,True,False,False,False,False,True,False,True,False,True,False,True,False,True,False,True,True,False,False,False,0,0.08871628448066947,0
0,11,60.9,688.5,True,False,False,True,False,False,False,False,False,False,False,True,False,True,False,True,False,False,False,False,False,False,True,False,True,False,0,0.28090711165752824,0
0,1,20.25,20.25,True,False,True,True,False,False,False,True,True,False,True,False,True,False,True,False,True,False,True,False,False,False,True,False,False,True,0,0.22849199279067897,0
0,2,24.85,62.0,True,False,False,True,False,True,False,True,True,False,True,False,True,False,True,False,True,False,True,False,False,False,False,False,False,True,0,0.23170571925804598,0
0,69,105.35,7240.65,False,True,False,True,False,True,True,False,False,False,False,False,False,True,False,True,False,True,False,True,False,True,False,False,False,False,0,0.0679245790136621,0
0,1,79.95,79.95,True,False,False,True,False,False,True,False,False,False,False,False,False,False,False,False,False,True,False,False,False,False,True,False,True,False,1,0.7216714889781848,1
0,21,90.05,1862.9,False,False,False,True,False,False,True,False,False,False,False,True,False,True,False,False,False,False,False,True,False,False,True,False,True,False,0,0.563689996444364,1
1,72,97.25,7133.1,True,True,False,True,False,True,True,False,False,False,False,True,False,False,False,False,False,True,False,True,True,False,True,True,False,False,0,0.19142700413258204,0
1,2,84.05,186.05,False,False,False,True,False,True,True,False,False,False,False,False,False,False,False,False,False,False,False,True,False,False,True,False,True,False,0,0.8158389092130476,1
0,57,20.75,1118.8,True,False,False,True,False,False,False,True,True,False,True,False,True,False,True,False,True,False,True,False,False,True,False,False,False,True,0,0.003362605212869113,0
0,1,89.55,89.55,True,False,False,True,False,False,True,False,False,False,False,False,False,False,False,False,False,True,False,True,False,False,True,False,True,False,1,0.7711986160138643,1
0,4,80.6,319.15,True,True,False,True,False,False,True,False,False,False,False,False,False,True,False,True,False,False,False,False,False,False,True,False,False,True,1,0.49063197705519873,0
0,2,19.4,61.05,False,False,False,True,False,False,False,True,True,False,True,False,True,False,True,False,True,False,True,False,False,False,False,False,False,True,0,0.20151748817119308,0
0,9,76.85,663.55,False,False,False,True,False,True,True,False,False,False,False,False,False,False,False,False,False,False,False,False,False,False,True,False,True,False,0,0.6858247756414869,1
0,71,111.3,7985.9,False,False,False,True,False,True,True,False,False,True,False,True,False,True,False,True,False,True,False,True,False,True,False,False,False,True,0,0.03911731388621176,0
0,13,18.8,251.25,False,True,True,True,False,False,False,True,True,False,True,False,True,False,True,False,True,False,True,False,False,False,False,False,False,True,0,0.11438836633437392,0
0,50,44.8,2230.85,True,True,True,True,False,False,False,False,False,False,False,False,False,False,False,False,False,False,False,False,True,False,True,False,False,False,0,0.04207230000097377,0
1,10,89.8,914.3,True,True,False,True,False,True,True,False,False,False,False,False,False,True,False,False,False,False,False,True,False,False,True,False,True,False,1,0.768694353744588,1
1,64,94.25,6081.4,True,True,False,True,False,True,True,False,False,False,False,True,False,True,False,False,False,False,False,True,False,False,True,False,True,False,0,0.3791674366153571,0
0,1,69.8,69.8,False,True,True,True,False,False,True,False,False,False,False,False,False,False,False,False,False,False,False,False,False,False,True,False,True,False,1,0.6789546902111463,1
0,2,24.9,49.7,True,False,False,False,True,False,False,False,False,False,False,False,False,False,False,False,False,False,False,False,False,False,True,True,False,False,0,0.5696923882152563,1
0,30,110.45,3327.05,False,False,False,True,False,True,True,False,False,False,False,True,False,True,False,True,False,True,False,True,True,False,False,True,False,False,0,0.23494173585669156,0
0,7,90.45,593.45,True,False,False,True,False,True,True,False,False,False,False,False,False,True,False,False,False,True,False,False,False,False,True,False,True,False,1,0.7200481470501042,1
0,26,19.4,525.55,True,False,False,True,False,False,False,True,True,False,True,False,True,False,True,False,True,False,True,False,True,False,False,False,False,True,0,0.035342637631330075,0
0,20,50.0,1003.05,True,False,False,True,False,False,False,False,False,False,False,False,False,False,False,True,False,False,False,False,False,False,False,False,False,True,0,0.14263577780213288,0
0,72,26.0,1776.0,False,True,False,True,False,True,False,True,True,False,True,False,True,False,True,False,True,False,True,False,False,True,True,False,False,True,0,0.003403030564995802,0
0,13,55.95,734.35,False,True,True,True,False,False,False,False,False,False,False,False,False,False,False,False,False,False,False,True,False,False,False,False,True,False,1,0.36734270913592265,0
0,70,84.6,5706.2,True,True,False,True,False,False,True,False,False,True,False,True,False,False,False,True,False,False,False,False,False,True,False,False,False,False,0,0.011553617098206874,0
0,3,29.75,96.85,True,False,False,False,True,False,False,False,False,False,False,False,False,False,False,True,False,False,False,False,False,False,True,False,True,False,0,0.5668651575038367,1
0,2,76.5,162.45,True,False,False,True,False,True,True,False,False,False,False,False,False,False,False,False,False,False,False,False,False,False,True,False,True,False,1,0.7275662485155763,1
1,72,115.75,8443.7,False,True,False,True,False,True,True,False,False,True,False,True,False,True,False,True,False,True,False,True,False,True,True,True,False,False,0,0.06478683653857316,0
1,33,83.85,2716.3,True,False,False,True,False,True,True,False,False,False,False,True,False,True,False,False,False,False,False,False,False,False,True,True,False,False,1,0.38433942229617385,0
1,15,74.4,1074.3,True,False,False,True,False,False,True,False,False,False,False,True,False,False,False,False,False,False,False,False,False,False,True,False,True,False,1,0.5673561714086114,1
0,1,29.15,29.15,True,False,False,False,True,False,False,False,False,False,False,False,False,False,False,True,False,False,False,False,False,False,False,False,False,True,0,0.42008487929984833,0
1,55,98.8,5617.75,True,False,False,True,False,True,True,False,False,True,False,False,False,False,False,False,False,True,False,True,False,False,True,False,True,False,1,0.44428435670141797,0
0,5,64.4,316.9,True,True,True,True,False,True,False,False,False,True,False,True,False,False,False,True,False,False,False,False,False,False,False,True,False,False,0,0.15359116615892382,0
0,3,79.65,251.75,True,True,False,True,False,True,True,False,False,False,False,False,False,False,False,True,False,False,False,False,False,False,True,False,False,False,1,0.5830919978100758,1
0,65,89.85,5844.65,False,False,False,True,False,True,True,False,False,True,False,True,False,False,False,True,False,False,False,False,True,False,True,False,True,False,0,0.07742514120184067,0
0,39,59.8,2343.85,True,True,True,True,False,False,False,False,False,True,False,True,False,True,False,False,False,False,False,False,True,False,False,False,True,False,0,0.040079792177291754,0
0,70,25.15,1940.85,True,True,False,True,False,True,False,True,True,False,True,False,True,False,True,False,True,False,True,False,False,True,False,False,False,False,0,0.002880498272929318,0
0,34,116.25,3899.05,True,False,False,True,False,True,True,False,False,True,False,True,False,True,False,True,False,True,False,True,True,False,False,True,False,False,0,0.14791537218745432,0
0,30,49.9,1441.95,True,True,False,True,False,True,False,False,False,False,False,False,False,False,False,False,False,False,False,False,False,False,False,False,True,False,0,0.23083839487966612,0
0,12,49.85,617.15,False,True,False,False,True,False,False,False,False,False,False,False,False,True,False,False,False,True,False,True,False,False,True,False,False,False,0,0.6066987136334332,1
0,9,20.1,190.25,True,False,True,True,False,False,False,True,True,False,True,False,True,False,True,False,True,False,True,False,True,False,False,False,False,True,0,0.0694470554832822,0
0,49,56.3,2780.6,False,True,False,False,True,False,False,False,False,False,False,True,False,False,False,True,False,True,False,True,True,False,True,True,False,False,0,0.0910546328830817,0
0,7,44.25,313.45,False,True,False,True,False,False,False,False,False,False,False,False,False,False,False,False,False,False,False,False,False,False,True,False,False,True,0,0.3949338155890437,0
1,38,83.45,3147.15,False,True,False,True,False,False,True,False,False,True,False,False,False,False,False,False,False,False,False,True,False,False,True,False,True,False,0,0.42772009624189516,0
0,63,109.2,7049.75,True,False,False,True,False,False,True,False,False,True,False,True,False,True,False,True,False,True,False,True,False,True,False,True,False,False,0,0.0321335819522513,0
1,1,71.65,71.65,True,False,False,True,False,False,True,False,False,False,False,False,False,False,False,False,False,False,False,False,False,False,True,False,True,False,1,0.7184686392421806,1
0,30,89.9,2723.15,True,False,False,True,False,True,True,False,False,False,False,False,False,False,False,True,False,False,False,True,False,False,True,True,False,False,0,0.4145634827317289,0
0,23,73.75,1756.6,False,False,False,True,False,True,False,False,False,False,False,False,False,False,False,True,False,True,False,True,True,False,True,False,False,True,0,0.2102548785564907,0
0,57,69.75,3894.4,False,False,False,True,False,False,False,False,False,False,False,True,False,True,False,True,False,True,False,False,False,True,False,False,False,True,0,0.011370990335886273,0
1,70,75.65,5411.4,False,True,False,True,False,True,True,False,False,False,False,False,False,False,False,False,False,False,False,False,False,True,True,True,False,False,0,0.05593823835373253,0
0,71,106.7,7382.25,True,False,True,True,False,True,True,False,False,True,False,False,False,True,False,False,False,True,False,True,False,True,False,False,False,False,0,0.04510176334029625,0
0,20,49.6,939.8,True,True,True,True,False,False,False,False,False,False,False,False,False,True,False,False,False,False,False,False,False,False,True,False,True,False,0,0.291878660251252,0
0,72,25.2,1787.35,False,True,True,True,False,True,False,True,True,False,True,False,True,False,True,False,True,False,True,False,False,True,False,False,False,False,0,0.002195839918409718,0
0,22,69.7,1490.4,True,False,False,True,False,False,True,False,False,False,False,False,False,False,False,False,False,False,False,False,False,False,True,False,False,True,0,0.4188325569577853,0
0,15,26.35,378.6,True,False,False,True,False,True,False,True,True,False,True,False,True,False,True,False,True,False,True,False,False,False,True,False,True,False,0,0.23547670041550167,0
0,9,48.75,442.2,False,True,False,False,True,False,False,False,False,False,False,False,False,True,False,False,False,True,False,True,False,False,True,False,True,False,1,0.7081787286941449,1
0,38,105.0,4026.4,False,True,False,True,False,True,True,False,False,False,False,False,False,True,False,True,False,True,False,True,False,False,True,False,True,False,1,0.5544993658870511,1
1,7,29.8,220.45,True,True,False,False,True,False,False,False,False,True,False,False,False,False,False,False,False,False,False,False,False,False,False,False,False,False,0,0.39199345533334534,0
0,26,73.05,1959.5,False,True,False,True,False,False,False,False,False,False,False,True,False,False,False,True,False,True,False,True,False,False,True,False,True,False,0,0.30861547736255895,0
0,56,60.25,3282.75,False,False,False,True,False,False,False,False,False,True,False,False,False,True,False,True,False,False,False,False,True,False,True,True,False,False,0,0.01850128866179104,0
0,49,20.05,923.1,False,True,False,True,False,False,False,True,True,False,True,False,True,False,True,False,True,False,True,False,True,False,True,False,False,False,0,0.01729419880380552,0
0,3,70.25,229.7,False,False,False,True,False,False,True,False,False,False,False,False,False,False,False,False,False,False,False,False,False,False,True,False,True,False,0,0.6853188134479019,1
1,1,74.4,74.4,True,True,False,True,False,True,True,False,False,False,False,False,False,False,False,False,False,False,False,False,False,False,True,False,True,False,1,0.7788703926319238,1
1,70,19.55,1462.05,False,True,False,True,False,False,False,True,True,False,True,False,True,False,True,False,True,False,True,False,False,True,True,True,False,False,0,0.0031242954250370373,0
0,23,55.8,1327.85,False,False,False,True,False,False,False,False,False,False,False,True,False,True,False,False,False,False,False,False,True,False,False,False,False,False,0,0.091669086176991,0
0,65,59.6,3739.8,False,False,False,True,False,False,False,False,False,True,False,True,False,False,False,True,False,False,False,False,False,True,True,False,False,True,0,0.005484957349121313,0
1,69,108.4,7318.2,True,True,False,True,False,True,True,False,False,False,False,True,False,True,False,True,False,True,False,True,False,True,True,False,False,False,1,0.08919375305221885,0
0,1,55.4,55.4,False,False,False,True,False,False,False,False,False,False,False,False,False,False,False,False,False,False,False,True,False,False,True,False,True,False,1,0.5939558209559913,1
0,24,90.35,2238.5,True,False,False,True,False,False,True,False,False,False,False,False,False,False,False,False,False,True,False,True,False,False,True,False,True,False,1,0.6338917583991668,1
0,25,95.15,2395.7,False,True,False,True,False,False,True,False,False,False,False,False,False,False,False,True,False,True,False,True,False,False,True,False,True,False,0,0.5676220128152957,1
0,17,19.9,323.15,False,False,False,True,False,False,False,True,True,False,True,False,True,False,True,False,True,False,True,False,True,False,False,False,False,False,0,0.05918636785597999,0
0,32,70.5,2201.75,True,True,False,True,False,False,False,False,False,True,False,True,False,False,False,True,False,False,False,True,True,False,False,False,False,True,0,0.04308104197630282,0
0,68,19.95,1377.7,True,True,True,True,False,False,False,True,True,False,True,False,True,False,True,False,True,False,True,False,False,True,False,False,False,False,0,0.0018366168387407924,0
0,70,20.15,1411.2,False,True,True,True,False,False,False,True,True,False,True,False,True,False,True,False,True,False,True,False,False,True,True,True,False,False,0,0.0022179586559802674,0
0,54,105.2,5637.85,True,True,True,True,False,True,True,False,False,False,False,True,False,False,False,True,False,True,False,True,True,False,True,False,True,False,0,0.2318091782433387,0
0,15,19.4,289.3,False,False,False,True,False,False,False,True,True,False,True,False,True,False,True,False,True,False,True,False,False,False,False,False,False,False,1,0.1172869855196916,0
0,71,66.85,4748.7,True,True,True,True,False,True,False,False,False,True,False,True,False,False,False,True,False,False,False,False,True,False,True,True,False,False,0,0.011349913015863126,0
0,70,19.85,1433.8,True,True,False,True,False,False,False,True,True,False,True,False,True,False,True,False,True,False,True,False,False,True,False,True,False,False,0,0.0017872655182892738,0
1,53,95.85,5016.25,False,True,False,True,False,True,True,False,False,False,False,False,False,False,False,False,False,True,False,True,True,False,True,True,False,False,0,0.30933573342745674,0
0,2,80.15,194.55,False,True,False,True,False,False,True,False,False,True,False,False,False,False,False,True,False,False,False,False,False,False,True,False,True,False,0,0.5118188915843556,1
1,59,79.2,4590.35,False,False,False,True,False,True,True,False,False,False,False,True,False,False,False,False,False,False,False,False,False,True,True,True,False,False,0,0.06381294196917645,0
0,22,84.15,1821.95,False,False,False,True,False,True,True,False,False,False,False,False,False,False,False,False,False,True,False,False,False,False,True,False,False,False,0,0.5648070963309246,1
0,22,75.8,1615.1,False,True,True,True,False,True,True,False,False,False,False,False,False,False,False,False,False,False,False,False,False,False,True,False,False,False,0,0.48015818147381634,0
0,57,49.9,2782.4,False,True,False,False,True,False,False,False,False,True,False,False,False,True,False,True,False,False,False,True,False,False,True,False,False,False,0,0.07726851161158563,0
0,1,71.35,71.35,False,False,False,True,False,False,True,False,False,False,False,False,False,False,False,False,False,False,False,False,False,False,False,False,True,False,1,0.6212784061186764,1
0,10,102.1,1068.85,False,True,True,True,False,True,True,False,False,False,False,True,False,True,False,False,False,True,False,True,False,False,True,True,False,False,1,0.6364317820147398,1
1,55,51.65,2838.55,False,True,False,True,False,True,False,False,False,False,False,False,False,False,False,False,False,False,False,False,False,False,False,False,False,False,0,0.08767211804308013,0
0,43,24.45,993.15,False,True,True,True,False,True,False,True,True,False,True,False,True,False,True,False,True,False,True,False,True,False,True,False,False,False,0,0.02695727217488144,0
1,18,48.35,810.7,False,True,False,False,True,False,False,False,False,False,False,False,False,True,False,False,False,True,False,True,False,False,True,False,True,False,1,0.6566401342440878,1
0,2,80.55,188.1,False,False,True,True,False,True,True,False,False,True,False,False,False,False,False,False,False,False,False,False,False,False,False,True,False,False,0,0.4243123761600363,0
0,52,25.05,1270.25,False,True,True,True,False,True,False,True,True,False,True,False,True,False,True,False,True,False,True,False,False,True,True,False,False,False,0,0.008268070524332939,0
0,60,61.35,3766.2,True,True,False,True,False,False,False,False,False,True,False,True,False,False,False,True,False,False,False,False,False,True,True,False,False,True,0,0.007252883857750079,0
0,59,83.25,4949.1,False,False,False,True,False,True,True,False,False,False,False,True,False,True,False,False,False,False,False,False,False,False,True,False,True,False,0,0.2751277171942009,0
0,69,104.0,7028.5,False,False,False,True,False,True,True,False,False,False,False,False,False,True,False,True,False,True,False,True,False,True,False,False,True,False,0,0.08277983285515472,0
0,14,100.55,1415.55,True,False,False,True,False,True,True,False,False,False,False,True,False,False,False,False,False,True,False,True,False,False,True,False,True,False,1,0.7110085579607276,1
0,43,60.4,2640.55,False,True,True,False,True,False,False,False,False,True,False,False,False,True,False,True,False,True,False,True,True,False,True,True,False,False,0,0.07938597813041744,0
0,12,19.4,198.1,False,True,True,True,False,False,False,True,True,False,True,False,True,False,True,False,True,False,True,False,False,False,False,False,False,False,0,0.12194057023943575,0
0,8,19.5,162.15,False,True,True,True,False,False,False,True,True,False,True,False,True,False,True,False,True,False,True,False,False,True,False,False,False,True,0,0.03956277894387006,0
0,3,69.15,235.0,False,True,True,True,False,True,False,False,False,False,False,True,False,True,False,False,False,True,False,False,False,False,True,False,False,False,0,0.449968532695852,0
0,58,105.05,6004.85,True,True,True,True,False,True,True,False,False,False,False,False,False,True,False,True,False,True,False,True,True,False,True,False,False,False,0,0.18516915676466417,0
0,13,63.15,816.8,False,True,True,True,False,False,False,False,False,True,False,False,False,True,False,False,False,False,False,True,False,False,True,False,False,True,0,0.266460385218318,0
0,23,20.15,405.6,True,False,False,True,False,False,False,True,True,False,True,False,True,False,True,False,True,False,True,False,True,False,False,False,False,False,0,0.04143161298815299,0
0,17,78.9,1348.95,False,True,False,True,False,True,True,False,False,True,False,False,False,False,False,False,False,False,False,False,False,False,False,False,True,False,0,0.4593375549713115,0
0,52,109.3,5731.4,True,False,False,True,False,True,True,False,False,True,False,False,False,True,False,True,False,True,False,True,False,True,True,False,True,False,0,0.11853127403298373,0
0,32,78.9,2447.95,True,True,False,True,False,True,True,False,False,False,False,False,False,True,False,False,False,False,False,False,False,False,True,False,True,False,1,0.5015035682440927,1
0,36,34.85,1267.2,False,False,False,False,True,False,False,False,False,False,False,True,False,False,False,True,False,False,False,False,False,False,True,False,False,False,0,0.14876530123337856,0
1,67,25.1,1672.15,True,False,False,True,False,True,False,True,True,False,True,False,True,False,True,False,True,False,True,False,False,True,False,True,False,False,0,0.003201016184309888,0
1,29,103.95,2964.8,True,True,True,True,False,True,True,False,False,False,False,False,False,True,False,False,False,True,False,True,False,False,True,False,True,False,0,0.6649702287392629,1
0,65,111.05,7107.0,False,False,False,True,False,True,True,False,False,True,False,True,False,True,False,False,False,True,False,True,False,False,True,True,False,False,0,0.24344449100701218,0
1,41,83.75,3273.55,True,True,False,True,False,True,True,False,False,True,False,False,False,True,False,False,False,False,False,False,False,False,True,False,False,False,1,0.29542258123771775,0
0,60,65.85,3928.3,True,True,True,True,False,False,False,False,False,True,False,True,False,True,False,True,False,False,False,False,True,False,True,False,False,False,0,0.013773615758611399,0
0,53,19.85,1049.6,False,False,False,True,False,False,False,True,True,False,True,False,True,False,True,False,True,False,True,False,False,True,False,True,False,False,0,0.004199753198312563,0
0,68,24.95,1614.9,False,True,False,True,False,True,False,True,True,False,True,False,True,False,True,False,True,False,True,False,False,True,True,True,False,False,0,0.003934347103411678,0
1,2,74.7,165.4,True,False,False,True,False,False,True,False,False,False,False,True,False,False,False,False,False,False,False,False,False,False,True,False,True,False,1,0.6756391321319962,1
0,61,33.6,2117.2,True,True,True,False,True,False,False,False,False,True,False,False,False,True,False,False,False,False,False,False,False,False,False,False,False,False,0,0.034816185281043265,0
0,41,20.0,879.8,True,True,True,True,False,False,False,True,True,False,True,False,True,False,True,False,True,False,True,False,False,True,True,False,False,True,0,0.00998461102753928,0
1,69,74.1,5031.0,True,False,False,True,False,True,False,False,False,True,False,False,False,True,False,True,False,False,False,True,False,True,False,True,False,False,0,0.009441950243795537,0
1,35,76.05,2747.2,True,True,True,True,False,False,False,False,False,False,False,True,False,False,False,True,False,True,False,True,False,False,True,False,True,False,0,0.2374862336820793,0
0,7,51.0,354.05,True,False,False,True,False,False,False,False,False,True,False,False,False,False,False,False,False,False,False,False,False,False,True,False,False,True,1,0.2684730238445882,0
1,50,25.2,1306.3,False,True,False,True,False,True,False,True,True,False,True,False,True,False,True,False,True,False,True,False,True,False,False,False,True,False,0,0.026645836531780816,0
0,36,63.7,2188.5,True,True,True,True,False,False,False,False,False,True,False,False,False,True,False,False,False,False,False,True,True,False,True,True,False,False,0,0.06563873175845845,0
0,48,100.05,4834.0,False,True,False,True,False,False,True,False,False,False,False,False,False,True,False,True,False,True,False,True,False,False,True,True,False,False,0,0.3209467965696539,0
0,71,81.85,5924.4,False,True,False,True,False,False,False,False,False,True,False,False,False,True,False,True,False,True,False,True,False,True,False,False,False,False,0,0.01023511714652192,0
1,65,109.05,7108.2,True,False,False,True,False,True,True,False,False,True,False,False,False,True,False,True,False,True,False,True,False,True,True,False,True,False,0,0.10330815119459955,0
0,23,93.5,2341.55,False,False,False,True,False,True,True,False,False,False,False,False,False,False,False,False,False,True,False,True,False,False,True,False,True,False,0,0.720864984535152,1
1,66,63.85,4174.35,False,False,False,True,False,True,False,False,False,True,False,True,False,False,False,True,False,False,False,False,True,False,True,True,False,False,0,0.017887551594790822,0
0,5,25.05,125.5,False,True,True,False,True,False,False,False,False,False,False,False,False,False,False,False,False,False,False,False,False,False,False,False,False,True,0,0.4484368045683402,0
1,72,112.9,8061.5,True,True,False,True,False,True,True,False,False,True,False,True,False,True,False,True,False,True,False,True,False,False,True,True,False,False,0,0.1965805037818324,0
0,2,20.35,45.3,False,False,False,True,False,False,False,True,True,False,True,False,True,False,True,False,True,False,True,False,False,False,False,False,False,True,0,0.19871223421052767,0
0,12,19.45,246.25,False,False,False,True,False,False,False,True,True,False,True,False,True,False,True,False,True,False,True,False,False,False,False,False,False,True,0,0.13031607374144522,0
0,3,91.85,257.05,True,False,True,True,False,True,True,False,False,False,False,False,False,True,False,False,False,False,False,True,False,False,False,False,True,False,1,0.6594388862515579,1
0,72,88.6,6201.95,True,False,False,True,False,True,False,False,False,False,False,True,False,True,False,True,False,True,False,True,False,True,True,False,False,False,0,0.020899697012484775,0
1,18,59.1,1011.05,True,True,False,True,False,False,False,False,False,True,False,False,False,False,False,False,False,False,False,True,False,False,True,True,False,False,0,0.2721466928956753,0
0,39,53.85,2200.7,True,False,False,True,False,True,False,False,False,False,False,False,False,False,False,True,False,False,False,False,False,True,True,True,False,False,0,0.03303551302855344,0
1,26,85.8,2193.65,False,False,False,True,False,False,True,False,False,True,False,False,False,False,False,False,False,True,False,False,False,False,True,True,False,False,0,0.3788119551834628,0
0,72,64.75,4804.75,False,True,False,True,False,True,False,False,False,True,False,True,False,False,False,True,False,False,False,False,False,True,False,False,False,False,0,0.005084756404364265,0
0,3,23.6,89.05,True,True,False,True,False,True,False,True,True,False,True,False,True,False,True,False,True,False,True,False,False,False,True,False,False,True,0,0.30161744421622944,0
0,1,59.85,59.85,True,False,False,True,False,True,False,False,False,False,False,False,False,False,False,False,False,True,False,False,False,False,True,False,True,False,1,0.6156695173475586,1
0,34,87.45,2874.15,False,True,True,True,False,True,True,False,False,False,False,False,False,True,False,False,False,True,False,False,False,False,False,False,True,False,1,0.43875234634885146,0
0,11,76.4,838.7,False,False,False,True,False,False,True,False,False,True,False,False,False,False,False,False,False,False,False,False,False,False,False,False,True,False,0,0.42535725630848487,0
0,66,19.7,1253.8,True,False,False,True,False,False,False,True,True,False,True,False,True,False,True,False,True,False,True,False,False,True,False,False,False,False,0,0.0022000370850197423,0
0,2,80.6,155.8,False,False,False,True,False,True,True,False,False,False,False,False,False,True,False,False,False,False,False,False,False,False,False,False,False,True,1,0.5741468894508049,1
0,8,66.05,574.5,False,False,False,True,False,False,False,False,False,True,False,False,False,False,False,True,False,False,False,True,False,False,False,False,False,False,0,0.20403658318450954,0
0,33,70.4,2406.1,False,False,False,True,False,False,True,False,False,False,False,False,False,False,False,False,False,False,False,False,False,False,True,False,False,False,0,0.35532196595071286,0
0,72,25.65,1887.0,False,True,False,True,False,True,False,True,True,False,True,False,True,False,True,False,True,False,True,False,False,True,False,False,False,False,0,0.0026365802843069724,0
0,58,59.9,3505.1,False,True,False,True,False,True,False,False,False,False,False,True,False,False,False,True,False,False,False,False,False,True,True,True,False,False,0,0.015175116429360024,0
0,30,83.55,2570.2,True,True,True,True,False,True,True,False,False,False,False,True,False,False,False,True,False,False,False,False,False,False,True,False,False,False,0,0.3010676340395981,0
0,5,24.95,100.4,True,True,False,False,True,False,False,False,False,False,False,False,False,False,False,False,False,False,False,False,False,False,True,False,True,False,1,0.6428416825546479,1
1,46,110.2,4972.1,False,True,True,True,False,True,True,False,False,True,False,True,False,False,False,True,False,True,False,True,False,False,True,False,True,False,0,0.36497789478698617,0
0,4,70.5,294.2,True,True,False,True,False,False,True,False,False,False,False,False,False,False,False,False,False,False,False,False,False,False,False,False,True,False,0,0.6008979023065953,1
0,40,65.1,2586.0,False,False,False,True,False,False,False,False,False,True,False,True,False,False,False,False,False,True,False,False,False,False,False,False,False,True,0,0.07370897163779419,0
0,72,84.3,5997.1,True,False,False,True,False,True,False,False,False,True,False,False,False,True,False,True,False,True,False,True,False,True,False,True,False,False,0,0.010615667854568524,0
0,49,99.8,4872.45,True,True,True,True,False,True,True,False,False,False,False,False,False,True,False,False,False,True,False,True,False,False,True,False,True,False,1,0.5052576060228491,1
0,1,54.9,54.9,False,False,False,True,False,False,False,False,False,True,False,True,False,False,False,False,False,False,False,False,False,False,True,False,True,False,1,0.37162001347988133,0
0,52,85.35,4338.6,True,False,False,True,False,False,True,False,False,False,False,True,False,False,False,False,False,False,False,True,False,False,True,False,True,False,1,0.31770861647862497,0
0,72,20.1,1326.25,False,True,True,True,False,False,False,True,True,False,True,False,True,False,True,False,True,False,True,False,False,True,True,True,False,False,0,0.0019252109617119283,0
1,28,39.1,1096.6,False,True,True,False,True,False,False,False,False,False,False,True,False,False,False,False,False,False,False,True,True,False,True,False,True,False,0,0.27942529878175143,0
0,33,91.25,2964.05,True,True,False,True,False,False,True,False,False,False,False,False,False,False,False,False,False,True,False,True,False,False,False,False,True,False,0,0.4916622340797194,0
0,10,73.55,693.3,False,False,True,True,False,True,False,False,False,True,False,False,False,True,False,True,False,False,False,True,True,False,False,True,False,False,0,0.10865596209979227,0
0,16,93.2,1573.7,False,False,False,True,False,False,True,False,False,False,False,True,False,True,False,False,False,False,False,True,False,False,True,True,False,False,1,0.5011552464664023,1
0,22,69.5,1498.2,False,True,True,True,False,False,False,False,False,False,False,True,False,False,False,False,False,True,False,True,True,False,True,False,False,False,1,0.1862858292124535,0
0,58,24.7,1519.0,False,False,False,True,False,True,False,True,True,False,True,False,True,False,True,False,True,False,True,False,False,True,True,True,False,False,0,0.006437372828181492,0
0,72,109.75,7758.9,True,True,False,True,False,True,True,False,False,False,False,True,False,True,False,True,False,True,False,True,False,True,True,True,False,False,0,0.06745207441099553,0
0,10,54.5,568.2,True,False,False,True,False,True,False,False,False,True,False,False,False,False,False,False,False,False,False,False,False,False,True,True,False,False,0,0.28830656514763947,0
0,5,19.65,92.05,False,False,False,True,False,False,False,True,True,False,True,False,True,False,True,False,True,False,True,False,False,False,True,True,False,False,0,0.22123501478183905,0
0,2,70.7,141.45,False,True,False,True,False,False,True,False,False,False,False,False,False,False,False,False,False,False,False,False,False,False,True,False,True,False,1,0.7025931955186198,1
0,2,70.95,137.95,False,False,False,True,False,False,True,False,False,False,False,False,False,False,False,False,False,False,False,False,False,False,True,False,True,False,1,0.6895663741718269,1
0,2,54.35,117.05,False,False,False,True,False,True,False,False,False,False,False,False,False,False,False,True,False,False,False,False,False,False,True,False,False,True,0,0.4008755414924803,0
0,53,104.05,5566.4,False,True,True,True,False,True,True,False,False,True,False,True,False,True,False,True,False,False,False,True,False,True,True,False,False,False,0,0.05541677769698515,0
1,25,88.95,2291.2,True,False,False,True,False,True,True,False,False,False,False,True,False,False,False,False,False,True,False,False,False,False,True,False,True,False,1,0.6148396019177043,1
0,64,113.35,7222.75,False,True,True,True,False,True,True,False,False,True,False,True,False,True,False,True,False,True,False,True,True,False,False,False,True,False,0,0.11447890778017877,0
0,2,45.55,84.4,False,False,False,True,False,False,False,False,False,False,False,False,False,False,False,False,False,False,False,False,False,False,False,False,True,False,0,0.4355634105702086,0
0,16,69.1,1083.7,True,False,True,True,False,True,False,False,False,True,False,True,False,False,False,False,False,False,False,True,False,False,True,False,True,False,0,0.31440047675782234,0
0,39,47.85,1886.4,False,False,False,True,False,False,False,False,False,True,False,False,False,False,False,False,False,False,False,False,True,False,True,False,True,False,0,0.07193143020970802,0
0,35,25.6,901.25,True,False,False,True,False,True,False,True,True,False,True,False,True,False,True,False,True,False,True,False,False,False,True,False,True,False,0,0.10329284182751364,0
0,31,76.05,2227.8,False,False,False,True,False,True,True,False,False,False,False,False,False,False,False,False,False,False,False,False,False,False,True,False,True,False,0,0.5024178538730069,1
0,5,54.2,308.25,False,False,False,True,False,False,False,False,False,True,False,False,False,False,False,True,False,False,False,False,False,False,False,False,True,False,1,0.23487951016389752,0
1,72,111.65,8022.85,True,True,False,True,False,True,True,False,False,False,False,True,False,True,False,True,False,True,False,True,False,True,True,False,False,False,0,0.0895982891140975,0
0,2,90.75,174.75,True,False,False,True,False,True,True,False,False,True,False,False,False,False,False,False,False,False,False,True,False,False,False,False,False,True,0,0.5246301749747831,1
0,61,89.65,5308.7,False,False,False,True,False,True,False,False,False,True,False,True,False,True,False,True,False,True,False,True,False,True,False,False,True,False,0,0.02062054089398546,0
0,31,65.25,1994.3,False,False,False,True,False,True,False,False,False,True,False,False,False,True,False,True,False,False,False,False,False,False,False,True,False,False,1,0.08365751688948948,0
0,2,40.4,77.15,True,False,False,False,True,False,False,False,False,False,False,True,False,True,False,True,False,False,False,False,False,False,True,True,False,False,1,0.41418897398499127,0
0,1,20.75,20.75,True,False,True,True,False,False,False,True,True,False,True,False,True,False,True,False,True,False,True,False,False,False,False,False,False,True,0,0.1739238130555117,0
0,1,20.35,20.35,False,True,True,True,False,False,False,True,True,False,True,False,True,False,True,False,True,False,True,False,False,True,False,False,False,True,0,0.05519506637822193,0
0,59,20.2,1192.3,True,False,False,True,False,False,False,True,True,False,True,False,True,False,True,False,True,False,True,False,False,True,True,False,False,False,0,0.004482737884745989,0
0,1,95.65,95.65,False,False,False,True,False,True,True,False,False,False,False,False,False,False,False,False,False,True,False,True,False,False,False,False,False,True,1,0.6885923168194007,1
0,9,45.15,416.45,False,False,False,True,False,False,False,False,False,False,False,False,False,False,False,False,False,False,False,False,False,False,False,False,True,False,1,0.3647763696825375,0
0,14,91.65,1301.0,False,True,True,True,False,True,True,False,False,False,False,False,False,False,False,True,False,True,False,False,False,False,True,False,True,False,1,0.5907821637544566,1
0,12,86.55,1066.9,False,False,False,True,False,True,True,False,False,False,False,False,False,False,False,False,False,False,False,True,False,False,True,False,True,False,0,0.7294535236507411,1
0,47,74.45,3510.3,False,False,False,True,False,False,False,False,False,False,False,False,False,True,False,True,False,True,False,True,False,True,False,False,False,True,0,0.027958070622697697,0
0,7,48.8,349.8,False,True,True,True,False,True,False,False,False,False,False,False,False,False,False,False,False,False,False,False,False,False,False,False,True,False,0,0.42350554346681435,0
0,28,90.45,2509.25,False,True,True,True,False,True,True,False,False,False,False,False,False,False,False,True,False,False,False,True,True,False,True,False,True,False,0,0.3585478518546513,0
0,70,19.8,1378.75,False,True,True,True,False,False,False,True,True,False,True,False,True,False,True,False,True,False,True,False,False,True,False,False,False,False,0,0.001724923283196361,0
0,26,19.65,494.9,False,True,True,True,False,False,False,True,True,False,True,False,True,False,True,False,True,False,True,False,False,True,False,True,False,False,0,0.015096851733407147,0
0,61,99.15,6010.05,False,True,True,True,False,True,True,False,False,False,False,True,False,False,False,False,False,True,False,True,False,False,True,False,True,False,1,0.399614425021083,0
0,70,101.75,7069.3,False,True,False,True,False,True,True,False,False,False,False,False,False,True,False,False,False,True,False,True,True,False,True,False,True,False,0,0.277516030642211,0
0,1,19.5,19.5,False,False,False,True,False,False,False,True,True,False,True,False,True,False,True,False,True,False,True,False,False,False,False,False,False,True,0,0.20860781908737008,0
1,37,96.55,3580.3,False,False,False,True,False,True,True,False,False,False,False,False,False,False,False,False,False,True,False,True,False,False,True,False,True,False,1,0.6568272789077095,1
0,60,90.95,5453.4,True,True,True,True,False,False,True,False,False,False,False,True,False,True,False,False,False,True,False,False,True,False,False,False,True,False,1,0.1083370559015118,0
1,71,105.1,7548.1,True,True,True,True,False,True,True,False,False,True,False,True,False,False,False,False,False,True,False,True,False,False,True,True,False,False,1,0.21931271163436875,0
0,31,101.4,3143.65,True,False,False,True,False,False,True,False,False,False,False,True,False,True,False,False,False,True,False,True,False,False,True,False,True,False,0,0.5409151566753945,1
0,14,19.75,309.35,True,True,True,True,False,False,False,True,True,False,True,False,True,False,True,False,True,False,True,False,True,False,False,False,False,True,0,0.058117916349286064,0
0,50,103.4,5236.4,True,True,True,True,False,False,True,False,False,False,False,True,False,True,False,True,False,True,False,True,True,False,True,False,False,False,0,0.15797938697419509,0
0,1,19.75,19.75,True,True,True,True,False,False,False,True,True,False,True,False,True,False,True,False,True,False,True,False,False,False,False,False,True,False,0,0.2443799535015829,0
1,41,99.8,4259.3,True,True,False,True,False,True,True,False,False,False,False,False,False,True,False,False,False,True,False,True,False,False,True,False,True,False,1,0.648144858304847,1
1,30,50.4,1527.5,True,True,False,True,False,False,False,False,False,False,False,True,False,False,False,False,False,False,False,False,False,False,True,False,False,False,1,0.19128596132021192,0
1,64,24.4,1548.65,True,True,True,True,False,True,False,True,True,False,True,False,True,False,True,False,True,False,True,False,False,True,True,False,False,False,0,0.005094046483968324,0
1,7,64.2,475.0,True,True,False,True,False,True,False,False,False,True,False,True,False,False,False,True,False,False,False,False,False,False,False,False,True,False,0,0.26072945714721435,0
0,1,74.6,74.6,True,True,True,True,False,False,True,False,False,False,False,True,False,False,False,False,False,False,False,False,False,False,False,True,False,False,0,0.4400233129166447,0
0,51,83.85,4307.1,True,True,False,True,False,False,False,False,False,True,False,True,False,True,False,True,False,True,False,True,False,True,True,True,False,False,0,0.020082884586597922,0
0,50,80.05,4042.2,False,True,True,True,False,True,False,False,False,True,False,True,False,True,False,True,False,False,False,True,True,False,True,False,False,False,0,0.04282916952386757,0
0,44,20.5,865.05,True,True,True,True,False,False,False,True,True,False,True,False,True,False,True,False,True,False,True,False,True,False,True,False,False,False,0,0.018284005768909456,0
0,65,105.05,6744.25,False,False,False,True,False,True,True,False,False,False,False,True,False,False,False,True,False,True,False,True,True,False,True,False,False,False,0,0.16064775882043839,0
1,1,25.7,25.7,False,False,False,False,True,False,False,False,False,False,False,False,False,False,False,False,False,False,False,False,False,False,True,False,False,True,1,0.6414749723715295,1
0,2,45.0,96.45,True,False,False,True,False,False,False,False,False,False,False,False,False,False,False,False,False,False,False,False,False,False,True,False,False,True,1,0.4199127697902813,0
0,48,102.5,4904.25,False,False,False,True,False,False,True,False,False,True,False,False,False,True,False,True,False,True,False,True,False,True,True,True,False,False,0,0.06892391213127469,0
0,6,109.9,669.45,False,False,False,True,False,True,True,False,False,False,False,True,False,True,False,True,False,True,False,True,False,False,True,True,False,False,1,0.5868117049627284,1
0,35,62.1,2096.1,False,False,False,True,False,False,False,False,False,False,False,False,False,True,False,False,False,False,False,True,False,False,True,False,True,False,0,0.26529968366502327,0
0,22,50.35,1098.85,False,False,False,False,True,False,False,False,False,False,False,True,False,False,False,False,False,True,False,True,False,False,True,False,True,False,0,0.5278980288353401,1
0,72,60.95,4549.05,True,True,True,False,True,False,False,False,False,True,False,False,False,True,False,True,False,True,False,True,False,True,False,False,False,False,0,0.010025466139145477,0
1,55,76.25,4154.55,False,True,True,True,False,True,False,False,False,True,False,False,False,True,False,True,False,True,False,False,True,False,False,False,True,False,0,0.04184132048121846,0
0,69,106.35,7261.75,True,True,True,True,False,False,True,False,False,True,False,True,False,False,False,True,False,True,False,True,False,True,True,True,False,False,0,0.0313613523142391,0
1,72,73.45,5329.0,True,True,False,True,False,True,False,False,False,False,False,False,False,True,False,False,False,True,False,True,False,True,True,True,False,False,0,0.03410139687684385,0
1,1,91.3,91.3,False,False,False,True,False,False,True,False,False,False,False,False,False,False,False,False,False,True,False,True,False,False,True,False,True,False,1,0.8029327852964544,1
0,26,105.45,2715.3,False,False,True,True,False,False,True,False,False,False,False,True,False,True,False,True,False,True,False,True,False,True,True,False,True,False,0,0.1751132053623474,0
0,23,20.9,454.0,True,True,True,True,False,False,False,True,True,False,True,False,True,False,True,False,True,False,True,False,False,True,False,False,False,True,0,0.017374503729204942,0
0,2,20.35,35.1,False,False,False,True,False,False,False,True,True,False,True,False,True,False,True,False,True,False,True,False,False,False,False,True,False,False,0,0.19050254338248426,0
0,2,76.4,151.8,True,True,False,True,False,False,True,False,False,False,False,False,False,True,False,False,False,False,False,False,False,False,False,False,True,False,1,0.6030679093992399,1
1,40,103.75,4188.4,False,False,False,True,False,True,True,False,False,False,False,False,False,True,False,True,False,True,False,True,True,False,True,True,False,False,0,0.31664569675563004,0
0,1,94.6,94.6,False,False,False,True,False,True,True,False,False,False,False,False,False,False,False,False,False,True,False,True,False,False,True,False,True,False,1,0.8177290995848329,1
1,27,75.2,1929.35,False,True,False,True,False,False,True,False,False,True,False,False,False,False,False,False,False,False,False,False,False,False,True,False,False,False,1,0.3464961160918874,0
0,9,65.0,663.05,False,True,True,True,False,False,False,False,False,True,False,True,False,True,False,True,False,False,False,False,False,False,False,False,False,True,1,0.11691547293804912,0
1,50,88.05,4367.35,False,True,False,True,False,True,True,False,False,False,False,True,False,False,False,False,False,True,False,False,False,False,True,False,True,False,1,0.44847369565451045,0
0,46,20.2,845.6,True,True,True,True,False,False,False,True,True,False,True,False,True,False,True,False,True,False,True,False,True,False,True,False,False,False,0,0.016283128294052956,0
0,15,25.2,387.9,False,True,False,True,False,True,False,True,True,False,True,False,True,False,True,False,True,False,True,False,False,True,False,False,False,True,0,0.04146222131468018,0
0,23,78.55,1843.05,False,False,False,True,False,True,False,False,False,True,False,False,False,True,False,False,False,True,False,True,True,False,True,False,True,False,0,0.25669577403673893,0
0,2,59.0,114.15,False,False,False,True,False,False,False,False,False,False,False,True,False,False,False,False,False,True,False,False,False,False,True,False,True,False,0,0.514340588069877,1
0,18,90.7,1597.25,True,False,False,True,False,True,True,False,False,False,False,False,False,True,False,False,False,False,False,True,False,False,True,True,False,False,1,0.5777616613320976,1
1,70,75.5,5212.65,False,False,False,True,False,True,False,False,False,False,False,True,False,True,False,True,False,True,False,False,False,True,True,False,False,False,0,0.017241321740527827,0
0,9,48.6,422.3,False,True,True,True,False,False,False,False,False,True,False,False,False,False,False,False,False,False,False,False,True,False,False,False,False,True,0,0.11048385632912755,0
0,30,67.6,2000.2,True,True,True,True,False,True,False,False,False,True,False,True,False,True,False,True,False,False,False,False,False,False,False,False,True,False,0,0.09600784207160612,0
0,15,75.1,1151.55,True,True,True,True,False,False,True,False,False,True,False,False,False,False,False,False,False,False,False,False,False,False,False,False,False,True,0,0.28346318051885583,0
1,39,90.7,3413.25,True,False,False,True,False,True,True,False,False,False,False,True,False,False,False,False,False,False,False,True,False,False,False,False,True,False,0,0.43876807719622773,0
0,12,49.4,611.65,False,False,False,True,False,False,False,False,False,False,False,True,False,False,False,False,False,False,False,False,False,False,True,False,True,False,0,0.3722079639095744,0
0,19,89.95,1682.4,True,False,False,True,False,False,True,False,False,False,False,False,False,True,False,True,False,True,False,False,False,False,False,False,False,True,0,0.33004742022937505,0
1,24,54.8,1291.3,True,False,False,True,False,True,False,False,False,False,False,True,False,False,False,False,False,False,False,False,False,False,False,True,False,False,0,0.19676165837557358,0
0,67,102.95,6886.25,False,False,False,True,False,True,True,False,False,True,False,True,False,True,False,False,False,True,False,False,False,False,True,True,False,False,1,0.16822438996549788,0
0,69,60.05,4176.7,True,False,False,False,True,False,False,False,False,True,False,True,False,False,False,True,False,True,False,True,False,True,True,False,False,False,0,0.014217206296295805,0
0,55,85.1,4600.95,False,True,True,True,False,True,True,False,False,True,False,True,False,False,False,False,False,False,False,False,False,False,True,False,True,False,0,0.20108285317681845,0
0,52,63.25,3342.45,True,False,False,True,False,False,False,False,False,True,False,True,False,False,False,False,False,True,False,False,False,True,True,True,False,False,0,0.015931995599543274,0
0,17,94.4,1617.5,False,False,False,True,False,True,True,False,False,True,False,True,False,False,False,False,False,True,False,False,False,False,True,False,True,False,1,0.5360299531567169,1
0,19,48.8,953.65,False,False,True,True,False,False,False,False,False,False,False,False,False,False,False,True,False,False,False,False,False,False,False,False,False,True,0,0.13673352411793158,0
0,39,75.25,3017.65,True,False,False,True,False,True,True,False,False,False,False,False,False,False,False,False,False,False,False,False,False,False,False,False,True,False,1,0.35897684102406024,0
0,40,61.9,2647.1,True,False,False,True,False,False,False,False,False,True,False,True,False,False,False,True,False,False,False,False,False,False,True,False,False,True,0,0.058265667658857455,0
0,26,20.9,518.3,True,False,False,True,False,False,False,True,True,False,True,False,True,False,True,False,True,False,True,False,False,False,False,False,False,True,0,0.06339427757924168,0
0,1,19.9,19.9,False,False,False,True,False,False,False,True,True,False,True,False,True,False,True,False,True,False,True,False,False,False,False,False,False,True,0,0.20775602691915485,0
1,18,78.55,1422.65,True,True,False,True,False,False,True,False,False,False,False,False,False,False,False,False,False,False,False,True,False,False,False,False,True,False,1,0.597514157017675,1
1,15,75.3,1147.45,False,False,False,True,False,False,True,False,False,False,False,True,False,False,False,False,False,False,False,False,False,False,True,True,False,False,1,0.48112125711049636,0
0,2,20.45,42.45,False,False,False,True,False,False,False,True,True,False,True,False,True,False,True,False,True,False,True,False,False,False,True,False,False,True,0,0.2569622658286545,0
0,1,79.35,79.35,False,True,False,True,False,False,True,False,False,False,False,False,False,False,False,False,False,True,False,False,False,False,True,False,False,False,1,0.6788326219767589,1
0,23,95.3,2192.9,True,False,False,True,False,False,True,False,False,False,False,True,False,False,False,False,False,True,False,True,False,False,False,False,False,True,0,0.42525334807459614,0
0,72,66.85,4758.8,False,True,True,True,False,True,False,False,False,True,False,False,False,True,False,True,False,False,False,False,False,True,False,False,False,False,0,0.0048391250827868205,0
0,2,20.3,41.2,False,False,False,True,False,False,False,True,True,False,True,False,True,False,True,False,True,False,True,False,False,False,False,False,False,True,0,0.1986122519572167,0
1,70,88.55,6306.5,True,True,False,True,False,True,False,False,False,True,False,True,False,True,False,True,False,True,False,True,False,True,True,True,False,False,0,0.018731692967240924,0
0,46,19.95,927.1,False,True,True,True,False,False,False,True,True,False,True,False,True,False,True,False,True,False,True,False,False,True,True,False,False,True,0,0.008002374804846887,0
0,36,19.55,620.75,False,False,False,True,False,False,False,True,True,False,True,False,True,False,True,False,True,False,True,False,True,False,False,False,False,True,0,0.02173128772579165,0
0,72,110.15,7881.2,False,True,False,True,False,True,True,False,False,True,False,False,False,True,False,True,False,True,False,True,False,True,True,True,False,False,0,0.05733387170607491,0
0,6,48.8,297.35,False,True,True,True,False,False,False,False,False,False,False,False,False,False,False,True,False,False,False,False,False,False,True,False,False,True,0,0.28810767341197824,0
0,4,20.4,94.5,False,False,True,True,False,False,False,True,True,False,True,False,True,False,True,False,True,False,True,False,False,False,False,True,False,False,0,0.15414179235448483,0
0,1,85.45,85.45,False,False,False,True,False,True,True,False,False,False,False,False,False,False,False,False,False,False,False,True,False,False,True,False,False,True,1,0.7261825556372237,1
0,1,83.4,83.4,False,False,False,True,False,False,True,False,False,True,False,True,False,False,False,True,False,False,False,False,False,False,True,False,False,True,0,0.3720475019698348,0
0,13,100.35,1358.85,False,False,False,True,False,True,True,False,False,True,False,False,False,False,False,False,False,True,False,True,False,False,True,False,True,False,1,0.6762292003472244,1
0,64,47.85,3147.5,False,True,False,False,True,False,False,False,False,True,False,False,False,True,False,True,False,False,False,True,False,True,False,False,True,False,1,0.01547114080341088,0
0,8,44.55,343.45,True,False,True,False,True,False,False,False,False,True,False,False,False,False,False,True,False,False,False,True,False,True,True,False,False,True,0,0.11346025996741205,0
0,72,112.25,8041.65,True,True,True,True,False,True,True,False,False,False,False,True,False,True,False,True,False,True,False,True,False,True,True,False,False,False,0,0.066597403726058,0
0,1,75.45,75.45,True,False,False,True,False,True,True,False,False,False,False,False,False,False,False,False,False,False,False,False,False,False,True,False,True,False,1,0.7362814421302697,1
0,4,100.85,399.25,False,False,False,True,False,True,True,False,False,False,False,False,False,False,False,True,False,True,False,True,False,False,True,False,False,True,0,0.661212097767297,1
0,1,49.85,49.85,True,False,True,True,False,False,False,False,False,False,False,False,False,True,False,False,False,False,False,False,False,False,True,False,True,False,0,0.4683560766473096,0
0,62,24.25,1424.6,True,True,True,True,False,True,False,True,True,False,True,False,True,False,True,False,True,False,True,False,False,True,True,False,False,False,0,0.004690786580344214,0
1,34,96.35,3190.25,False,False,False,True,False,True,True,False,False,False,False,True,False,False,False,True,False,True,False,False,False,False,True,False,True,False,0,0.46743189213429015,0
0,1,44.4,44.4,True,False,True,True,False,False,False,False,False,False,False,False,False,False,False,False,False,False,False,False,False,False,True,False,True,False,1,0.4818881138767768,0
0,24,101.05,2391.8,True,True,False,True,False,True,True,False,False,False,False,False,False,True,False,False,False,True,False,True,False,False,True,False,True,False,1,0.6962409658558294,1
0,72,105.25,7609.75,True,True,True,True,False,True,True,False,False,True,False,False,False,True,False,False,False,True,False,True,False,True,False,False,False,False,0,0.049141982671845066,0
0,1,19.95,19.95,False,False,False,True,False,False,False,True,True,False,True,False,True,False,True,False,True,False,True,False,False,False,False,True,False,False,0,0.19967481161836528,0
1,63,103.5,6479.4,False,True,False,True,False,True,True,False,False,False,False,True,False,True,False,False,False,True,False,True,False,False,True,False,True,False,0,0.47575713908578293,0
0,66,109.25,7082.5,False,True,True,True,False,True,True,False,False,True,False,True,False,True,False,False,False,True,False,True,False,True,False,False,False,False,0,0.051281773902810676,0
0,61,79.8,4914.8,True,True,False,True,False,True,False,False,False,False,False,True,False,True,False,False,False,True,False,True,True,False,True,False,True,False,0,0.1140772834254411,0
0,67,19.95,1311.75,True,False,False,True,False,False,False,True,True,False,True,False,True,False,True,False,True,False,True,False,False,True,False,False,False,False,0,0.002107694593333141,0
0,12,95.5,1115.15,False,False,False,True,False,False,True,False,False,False,False,False,False,True,False,False,False,True,False,True,True,False,False,False,False,True,1,0.39151558819462984,0
0,19,34.95,610.2,True,True,True,False,True,False,False,False,False,True,False,True,False,False,False,False,False,False,False,False,False,False,True,False,False,True,0,0.22485253189153762,0
0,67,20.5,1430.95,True,False,False,True,False,False,False,True,True,False,True,False,True,False,True,False,True,False,True,False,False,True,False,False,False,False,0,0.00217221500697549,0
0,13,80.0,1029.35,False,False,False,True,False,True,True,False,False,True,False,False,False,False,False,False,False,False,False,False,False,False,True,True,False,False,0,0.45579610606364296,0
0,1,45.15,45.15,False,False,False,True,False,False,False,False,False,False,False,False,False,False,False,False,False,False,False,False,False,False,False,False,False,True,0,0.3618115269371,0
0,3,84.75,264.85,False,True,True,True,False,True,True,False,False,False,False,False,False,False,False,False,False,False,False,True,False,False,True,False,False,False,1,0.7034374009205525,1
0,3,20.05,75.45,True,False,True,True,False,False,False,True,True,False,True,False,True,False,True,False,True,False,True,False,False,False,True,False,False,True,0,0.21204865024712818,0
0,17,104.2,1743.5,False,True,True,True,False,True,True,False,False,True,False,False,False,True,False,False,False,True,False,True,False,False,True,False,True,False,1,0.6201817856609203,1
0,52,53.75,2790.65,True,False,False,True,False,False,False,False,False,True,False,False,False,True,False,False,False,False,False,False,True,False,False,False,True,False,0,0.030094108234162937,0
0,51,19.4,997.75,True,True,True,True,False,False,False,True,True,False,True,False,True,False,True,False,True,False,True,False,True,False,False,False,False,True,0,0.008957609519898133,0
1,5,84.85,415.55,False,False,False,True,False,False,True,False,False,False,False,False,False,True,False,False,False,True,False,False,False,False,True,False,False,True,1,0.6527482683091351,1
1,29,35.65,1025.15,False,True,True,False,True,False,False,False,False,False,False,True,False,True,False,False,False,False,False,False,False,False,True,False,False,True,0,0.25436484742178805,0
0,1,20.15,20.15,False,True,True,True,False,False,False,True,True,False,True,False,True,False,True,False,True,False,True,False,False,False,True,True,False,False,1,0.2392235859908215,0
0,1,20.15,20.15,False,False,False,True,False,False,False,True,True,False,True,False,True,False,True,False,True,False,True,False,False,False,True,False,False,True,1,0.2675732636770591,0
0,42,94.45,3923.8,False,True,True,True,False,True,True,False,False,True,False,True,False,False,False,False,False,True,False,False,True,False,True,True,False,False,0,0.15146026889809866,0
0,1,19.65,19.65,True,False,False,True,False,False,False,True,True,False,True,False,True,False,True,False,True,False,True,False,False,False,False,False,False,True,0,0.2000646136645663,0
0,16,88.45,1422.1,False,False,False,True,False,True,True,False,False,False,False,False,False,True,False,False,False,False,False,True,False,False,True,False,True,False,1,0.7032890589416398,1
0,11,45.2,492.0,True,False,False,True,False,False,False,False,False,False,False,False,False,False,False,False,False,False,False,False,False,False,False,True,False,False,0,0.2485560135961814,0
1,26,93.85,2381.55,False,True,False,True,False,True,True,False,False,False,False,True,False,True,False,False,False,False,False,True,False,False,True,False,True,False,1,0.6454089849730128,1
0,54,61.0,3283.05,True,False,True,True,False,False,False,False,False,False,False,True,False,True,False,True,False,False,False,False,True,False,True,False,True,False,0,0.03203332401385753,0
0,30,94.05,2866.45,True,True,False,True,False,True,True,False,False,False,False,False,False,False,False,False,False,True,False,True,False,False,True,True,False,False,1,0.5743358535920668,1
1,66,79.4,5154.6,True,True,True,True,False,True,False,False,False,True,False,True,False,True,False,True,False,True,False,False,False,True,False,True,False,False,1,0.007787700353916964,0
0,72,108.65,7726.35,False,True,True,True,False,False,True,False,False,True,False,True,False,True,False,True,False,True,False,True,False,True,True,False,False,False,0,0.03445334320252111,0
0,12,24.0,269.65,True,True,True,True,False,True,False,True,True,False,True,False,True,False,True,False,True,False,True,False,False,True,True,False,False,False,0,0.05610336751946936,0
0,19,106.6,1934.45,False,False,False,True,False,False,True,False,False,True,False,False,False,True,False,True,False,True,False,True,False,False,True,False,True,False,1,0.4726385665210495,0
0,9,68.95,593.85,True,True,False,True,False,False,False,False,False,True,False,True,False,False,False,True,False,True,False,False,False,False,True,False,False,True,0,0.20016081735514607,0
0,0,73.35,0.0,False,True,True,True,False,True,False,False,False,False,False,True,False,True,False,True,False,True,False,False,False,True,False,False,False,True,0,0.09636658145797908,0
0,66,25.45,1699.15,True,False,False,True,False,True,False,True,True,False,True,False,True,False,True,False,True,False,True,False,True,False,False,False,False,False,0,0.006736588539731028,0
1,10,34.55,362.6,True,True,True,False,True,False,False,False,False,False,False,False,False,False,False,False,False,False,False,True,False,False,True,False,False,False,0,0.5802497012330431,1
0,56,24.45,1385.85,False,True,True,True,False,True,False,True,True,False,True,False,True,False,True,False,True,False,True,False,False,True,True,False,False,True,0,0.006603149157880364,0
0,67,19.25,1372.9,False,True,True,True,False,False,False,True,True,False,True,False,True,False,True,False,True,False,True,False,False,True,True,False,False,False,0,0.0028803287817219126,0
0,64,60.05,3845.45,True,True,True,False,True,False,False,False,False,True,False,False,False,True,False,True,False,True,False,True,False,True,True,False,False,False,0,0.017914636030781823,0
0,64,81.3,5129.3,False,True,False,True,False,True,False,False,False,True,False,True,False,True,False,True,False,False,False,True,False,True,True,False,False,True,0,0.01431249740547536,0
1,13,70.45,849.1,True,True,False,True,False,False,True,False,False,False,False,False,False,False,False,False,False,False,False,False,False,False,False,False,False,False,0,0.47629653406772826,0
0,5,96.1,453.4,True,False,False,True,False,False,True,False,False,False,False,False,False,False,False,True,False,True,False,True,False,False,True,False,True,False,1,0.6678942207076807,1
0,4,35.0,135.75,False,False,False,False,True,False,False,False,False,True,False,False,False,True,False,False,False,False,False,False,False,False,False,False,False,True,0,0.3653937658426279,0
0,45,20.0,886.4,False,True,True,True,False,False,False,True,True,False,True,False,True,False,True,False,True,False,True,False,False,True,True,False,False,False,0,0.00869486839208889,0
0,18,94.75,1691.9,True,True,False,True,False,True,True,False,False,False,False,False,False,False,False,False,False,True,False,True,False,False,True,False,True,False,0,0.7357285565830468,1
0,3,57.55,161.45,False,False,False,True,False,False,False,False,False,False,False,False,False,True,False,False,False,True,False,False,False,False,False,False,True,False,0,0.4623810183243276,0
0,1,20.6,20.6,True,False,False,True,False,False,False,True,True,False,True,False,True,False,True,False,True,False,True,False,False,False,False,False,False,True,1,0.19810778228475867,0
0,29,45.9,1332.4,True,True,False,False,True,False,False,False,False,False,False,False,False,False,False,False,False,True,False,True,False,False,True,False,True,False,0,0.49492145372288854,0
0,69,24.6,1678.05,False,False,False,True,False,True,False,True,True,False,True,False,True,False,True,False,True,False,True,False,False,True,False,True,False,False,0,0.0025748018891823213,0
0,21,99.85,1992.55,False,False,False,True,False,True,True,False,False,False,False,True,False,False,False,False,False,True,False,True,False,False,True,True,False,False,0,0.5812920615834304,1
0,20,44.35,927.15,False,False,False,True,False,False,False,False,False,False,False,False,False,False,False,False,False,False,False,False,False,False,True,False,True,False,0,0.33503178574418563,0
0,72,110.3,7966.9,True,True,True,True,False,True,True,False,False,True,False,True,False,True,False,False,False,True,False,True,False,True,True,False,False,False,0,0.061996209499179895,0
0,7,24.35,150.85,True,False,False,False,True,False,False,False,False,False,False,False,False,False,False,False,False,False,False,False,True,False,True,True,False,False,0,0.353041992417336,0
0,5,20.05,95.55,True,False,False,True,False,False,False,True,True,False,True,False,True,False,True,False,True,False,True,False,False,False,False,True,False,False,0,0.16137188995504925,0
0,6,50.35,314.55,False,True,False,True,False,True,False,False,False,False,False,False,False,False,False,False,False,False,False,False,False,False,False,False,True,False,0,0.4690055807266749,0
0,13,66.4,831.75,True,False,True,True,False,False,False,False,False,False,False,False,False,False,False,False,False,True,False,True,False,False,False,True,False,False,0,0.2926247242680769,0
0,1,20.05,20.05,False,True,True,True,False,False,False,True,True,False,True,False,True,False,True,False,True,False,True,False,False,False,False,False,False,True,0,0.1913539408406928,0
0,3,79.1,246.5,False,False,False,True,False,False,True,False,False,True,False,True,False,False,False,False,False,False,False,False,False,False,True,False,True,False,1,0.5351325095803379,1
0,7,96.2,639.7,True,False,False,True,False,True,True,False,False,False,False,False,False,False,False,False,False,True,False,True,False,False,False,False,True,False,0,0.7147558848659014,1
0,6,84.85,523.5,True,False,False,True,False,False,True,False,False,False,False,True,False,False,False,False,False,True,False,False,False,False,True,False,True,False,1,0.6464964168528874,1
0,1,20.0,20.0,True,False,False,True,False,False,False,True,True,False,True,False,True,False,True,False,True,False,True,False,False,False,False,False,False,True,1,0.1993419942180305,0
0,11,20.05,237.7,False,False,False,True,False,False,False,True,True,False,True,False,True,False,True,False,True,False,True,False,True,False,False,True,False,False,0,0.07337233873789026,0
0,63,99.9,6137.0,False,False,False,True,False,True,True,False,False,False,False,True,False,False,False,False,False,True,False,True,True,False,False,False,False,False,1,0.15674619311777785,0
1,3,75.05,202.9,False,False,False,True,False,False,True,False,False,False,False,False,False,True,False,False,False,False,False,False,False,False,False,False,False,True,0,0.5474109125614343,1
0,6,19.15,124.4,True,False,False,True,False,False,False,True,True,False,True,False,True,False,True,False,True,False,True,False,True,False,False,False,False,True,0,0.0934931509501324,0
0,70,69.2,4872.35,False,True,True,True,False,True,False,False,False,True,False,True,False,False,False,False,False,True,False,False,False,True,True,True,False,False,0,0.010851583063994068,0
0,37,90.35,3419.3,True,True,False,True,False,False,True,False,False,False,False,False,False,True,False,True,False,False,False,True,False,False,True,False,True,False,0,0.41186316888135494,0
1,38,20.2,735.9,False,False,False,True,False,False,False,True,True,False,True,False,True,False,True,False,True,False,True,False,False,True,False,False,False,True,0,0.011067218930246434,0
1,29,58.55,1718.95,False,False,False,True,False,True,False,False,False,True,False,True,False,False,False,False,False,False,False,False,False,False,True,False,False,False,0,0.17816578674359174,0
0,9,19.9,164.6,True,False,False,True,False,False,False,True,True,False,True,False,True,False,True,False,True,False,True,False,True,False,True,False,True,False,0,0.14820608552130485,0
1,23,20.75,485.2,True,True,False,True,False,False,False,True,True,False,True,False,True,False,True,False,True,False,True,False,True,False,True,False,True,False,0,0.09527751323859435,0
1,20,90.8,1951.0,False,True,False,True,False,True,True,False,False,False,False,False,False,True,False,False,False,True,False,False,False,False,False,False,True,False,1,0.6339378694108228,1
0,70,24.05,1764.75,False,True,True,True,False,True,False,True,True,False,True,False,True,False,True,False,True,False,True,False,False,True,False,False,False,True,0,0.002389298350559756,0
0,70,101.0,7085.5,True,True,False,True,False,False,True,False,False,True,False,True,False,True,False,True,False,False,False,True,False,True,False,True,False,False,0,0.019488541742109514,0
1,5,84.7,392.5,False,False,False,True,False,False,True,False,False,False,False,True,False,False,False,False,False,True,False,False,False,False,True,False,True,False,0,0.6973237007282749,1
0,72,80.85,5727.45,True,True,True,True,False,True,False,False,False,True,False,True,False,True,False,True,False,True,False,False,False,True,True,False,False,False,0,0.008391085077408754,0
0,72,55.65,3880.05,False,True,True,False,True,False,False,False,False,True,False,True,False,True,False,True,False,False,False,True,False,True,False,True,False,False,0,0.005542598313541048,0
0,4,94.9,360.55,True,False,False,True,False,False,True,False,False,True,False,True,False,False,False,True,False,False,False,True,False,False,True,False,False,True,0,0.3949876943482143,0
0,7,20.05,164.85,False,False,False,True,False,False,False,True,True,False,True,False,True,False,True,False,True,False,True,False,False,False,False,False,False,True,1,0.1621592133403452,0
0,23,81.85,1810.85,False,True,True,True,False,True,True,False,False,True,False,False,False,False,False,False,False,False,False,False,True,False,False,True,False,False,0,0.1670975509820481,0
0,11,64.9,716.1,False,False,False,True,False,False,False,False,False,False,False,False,False,False,False,False,False,True,False,True,False,False,True,False,True,False,0,0.5419692374603747,1
0,23,20.0,445.3,True,True,True,True,False,False,False,True,True,False,True,False,True,False,True,False,True,False,True,False,True,False,True,True,False,False,0,0.04827350355912228,0
0,12,54.3,654.5,False,False,False,True,False,False,False,False,False,False,False,True,False,False,False,True,False,False,False,False,False,False,True,False,True,False,0,0.291782876244601,0
0,49,93.65,4520.15,True,True,True,True,False,True,True,False,False,False,False,True,False,True,False,False,False,True,False,False,True,False,True,False,True,False,0,0.2377632090623895,0
0,14,85.15,1139.2,True,True,False,True,False,True,True,False,False,False,False,False,False,False,False,False,False,False,False,True,False,False,True,False,True,False,1,0.7158351419817496,1
0,56,36.1,1971.5,True,True,True,False,True,False,False,False,False,False,False,True,False,True,False,False,False,False,False,False,True,False,True,True,False,False,0,0.037536642795943466,0
0,3,19.9,45.75,False,True,False,True,False,False,False,True,True,False,True,False,True,False,True,False,True,False,True,False,False,False,True,False,False,True,0,0.25841579754298954,0
0,69,110.5,7455.45,False,False,False,True,False,True,True,False,False,False,False,True,False,True,False,True,False,True,False,True,False,True,True,False,False,False,0,0.07753490543203274,0
1,6,80.8,457.1,True,True,False,True,False,True,True,False,False,False,False,False,False,True,False,False,False,False,False,False,False,False,True,False,True,False,0,0.735257568573972,1
0,49,20.7,1032.05,False,True,False,True,False,False,False,True,True,False,True,False,True,False,True,False,True,False,True,False,True,False,False,True,False,False,0,0.011687542624681949,0
0,18,94.7,1687.95,True,True,False,True,False,True,True,False,False,False,False,False,False,False,False,False,False,True,False,True,False,False,True,False,True,False,1,0.7356156027408483,1
1,1,69.5,69.5,True,False,False,True,False,False,True,False,False,False,False,False,False,False,False,False,False,False,False,False,False,False,True,False,False,False,1,0.6558276583446837,1
0,3,35.2,108.95,False,False,False,False,True,False,False,False,False,False,False,False,False,False,False,False,False,True,False,False,False,False,False,True,False,False,1,0.5263833244771545,1
0,2,85.85,167.3,True,False,False,True,False,False,True,False,False,False,False,False,False,True,False,False,False,False,False,True,False,False,True,False,True,False,1,0.7235257877695145,1
0,54,19.65,1008.7,True,False,False,True,False,False,False,True,True,False,True,False,True,False,True,False,True,False,True,False,False,True,False,True,False,False,0,0.0037313477029495136,0
0,24,51.1,1269.6,True,False,False,True,False,False,False,False,False,False,False,False,False,False,False,True,False,False,False,False,False,False,True,True,False,False,0,0.15838932402716746,0
0,54,60.0,3273.95,False,True,True,True,False,True,False,False,False,True,False,False,False,False,False,True,False,False,False,False,False,True,False,False,False,False,0,0.009224069316090594,0
0,15,19.75,311.6,True,False,False,True,False,False,False,True,True,False,True,False,True,False,True,False,True,False,True,False,False,False,False,False,False,True,0,0.10852729781427717,0
0,45,81.65,3618.7,False,False,False,True,False,False,False,False,False,True,False,False,False,True,False,True,False,True,False,True,False,True,False,False,False,False,0,0.0209130970708164,0
0,46,38.25,1755.35,True,False,False,False,True,False,False,False,False,True,False,False,False,True,False,True,False,False,False,False,False,True,False,False,False,True,0,0.013717220413453789,0
0,12,54.2,690.5,False,True,False,True,False,False,False,False,False,True,False,False,False,False,False,True,False,False,False,False,False,False,False,False,False,False,0,0.15075523484510284,0
0,71,76.05,5436.45,False,True,True,True,False,False,True,False,False,False,False,False,False,True,False,False,False,False,False,False,False,True,False,False,True,False,0,0.031931834905006035,0
0,13,31.65,389.95,False,False,False,False,True,False,False,False,False,False,False,True,False,False,False,False,False,False,False,False,False,False,True,False,True,False,0,0.4965317846965727,0
1,1,73.0,73.0,False,False,False,True,False,False,True,False,False,False,False,True,False,False,False,False,False,False,False,False,False,False,True,False,True,False,1,0.6975674131243973,1
0,58,91.55,5511.65,False,True,True,True,False,False,True,False,False,False,False,True,False,True,False,False,False,True,False,False,False,False,True,False,True,False,0,0.2768043333370719,0
0,7,75.1,552.95,False,False,False,True,False,True,True,False,False,False,False,False,False,False,False,False,False,False,False,False,False,False,True,False,False,False,1,0.6375916730737341,1
0,48,23.55,1173.35,True,True,True,True,False,True,False,True,True,False,True,False,True,False,True,False,True,False,True,False,False,True,False,False,False,True,0,0.0067545750867990945,0
0,71,97.65,6687.85,True,False,False,True,False,True,True,False,False,True,False,False,False,False,False,True,False,False,False,True,True,False,False,True,False,False,0,0.050389997156408545,0
0,9,20.4,184.1,True,False,True,True,False,False,False,True,True,False,True,False,True,False,True,False,True,False,True,False,False,False,False,False,False,True,0,0.12290595194362228,0
0,18,55.95,1082.8,False,True,True,True,False,False,False,False,False,False,False,False,False,False,False,False,False,True,False,False,False,False,False,False,False,True,0,0.23428866506242318,0
0,1,20.2,20.2,True,False,False,True,False,False,False,True,True,False,True,False,True,False,True,False,True,False,True,False,False,False,False,False,False,True,0,0.19892994975119507,0
1,67,20.05,1263.05,False,True,False,True,False,False,False,True,True,False,True,False,True,False,True,False,True,False,True,False,False,True,True,False,False,False,0,0.0037865296651891965,0
0,1,85.0,85.0,True,False,False,True,False,False,True,False,False,False,False,True,False,False,False,False,False,False,False,True,False,False,True,False,True,False,0,0.7015770564299094,1
0,56,98.0,5270.6,False,True,False,True,False,True,True,False,False,True,False,False,False,False,False,False,False,True,False,True,True,False,True,False,True,False,0,0.2553922348560116,0
0,54,46.2,2431.95,True,False,False,False,True,False,False,False,False,True,False,True,False,False,False,False,False,False,False,True,False,True,False,False,False,False,0,0.017241786912630886,0
0,14,19.7,263.65,False,True,True,True,False,False,False,True,True,False,True,False,True,False,True,False,True,False,True,False,False,True,True,False,False,True,0,0.04020188982627362,0
1,14,46.35,672.7,False,False,False,False,True,False,False,False,False,False,False,False,False,False,False,False,False,True,False,True,False,False,True,False,True,False,0,0.6877603653172614,1
0,54,69.9,3883.3,True,False,False,True,False,False,False,False,False,True,False,True,False,False,False,True,False,True,False,False,False,False,True,False,False,True,0,0.04628829209520209,0
0,72,68.15,4808.7,True,True,False,True,False,True,False,False,False,True,False,True,False,True,False,True,False,False,False,False,False,True,False,False,False,True,0,0.004523657009643523,0
0,17,56.1,946.95,True,False,False,True,False,False,False,False,False,True,False,True,False,False,False,False,False,False,False,False,True,False,False,False,False,True,0,0.07127310361785838,0
0,1,20.0,20.0,False,True,True,True,False,False,False,True,True,False,True,False,True,False,True,False,True,False,True,False,False,False,False,False,True,False,0,0.2532357175738795,0
0,30,85.0,2624.25,False,True,False,True,False,True,True,False,False,False,False,False,False,False,False,False,False,False,False,True,False,False,True,False,True,False,1,0.6265281704772577,1
0,50,20.15,970.85,False,False,True,True,False,False,False,True,True,False,True,False,True,False,True,False,True,False,True,False,False,True,False,True,False,False,0,0.004145598899877462,0
0,3,19.95,58.3,True,False,True,True,False,False,False,True,True,False,True,False,True,False,True,False,True,False,True,False,False,False,False,False,False,True,0,0.16091217892361104,0
0,12,74.15,741.4,True,True,False,True,False,False,False,False,False,False,False,False,False,True,False,True,False,True,False,True,False,False,True,False,True,False,0,0.4270276401787549,0
0,13,81.15,952.3,False,False,False,True,False,False,True,False,False,False,False,True,False,True,False,False,False,False,False,False,False,False,True,False,True,False,1,0.5409796701616398,1
1,25,69.3,1813.1,False,True,False,True,False,False,True,False,False,False,False,False,False,False,False,False,False,False,False,False,False,False,True,False,True,False,0,0.5582676916473164,1
0,2,90.4,168.2,False,False,False,True,False,False,True,False,False,False,False,False,False,False,False,False,False,True,False,True,False,False,True,False,True,False,1,0.7722933818114364,1
0,36,70.7,2511.95,False,False,False,True,False,True,False,False,False,False,False,True,False,False,False,True,False,False,False,True,True,False,True,False,False,True,0,0.09822708164816453,0
0,3,50.25,152.3,True,False,False,True,False,False,False,False,False,False,False,False,False,False,False,True,False,False,False,False,False,False,True,False,False,True,0,0.32179154118648023,0
0,66,63.85,4264.6,True,True,False,True,False,True,False,False,False,False,False,False,False,False,False,True,False,False,False,True,False,False,False,False,True,False,0,0.07511113643217235,0
0,15,101.1,1504.05,True,True,False,True,False,True,True,False,False,False,False,False,False,True,False,False,False,True,False,True,False,False,True,False,True,False,1,0.7447076359611315,1
0,61,73.8,4616.05,False,True,True,True,False,False,False,False,False,False,False,False,False,True,False,True,False,True,False,True,False,True,True,False,False,False,0,0.023441479158796862,0
0,70,114.95,7711.25,True,False,False,True,False,True,True,False,False,True,False,True,False,True,False,True,False,True,False,True,False,True,True,False,False,False,0,0.04951606699911641,0
1,35,39.85,1434.6,False,False,False,False,True,False,False,False,False,False,False,False,False,True,False,False,False,True,False,False,False,False,True,False,True,False,0,0.3844749305151714,0
0,1,48.6,48.6,False,False,False,True,False,False,False,False,False,True,False,False,False,False,False,False,False,False,False,False,False,False,True,True,False,False,1,0.3278525378332473,0
0,48,20.65,1057.0,False,True,True,True,False,False,False,True,True,False,True,False,True,False,True,False,True,False,True,False,False,True,False,False,False,False,0,0.005488104751746834,0
0,70,40.05,2799.75,True,False,False,False,True,False,False,False,False,False,False,False,False,False,False,True,False,False,False,True,False,True,True,False,False,True,0,0.013876066212715624,0
0,12,105.3,1275.65,False,False,True,True,False,True,True,False,False,False,False,True,False,True,False,False,False,True,False,True,False,False,True,False,True,False,0,0.6938104999666584,1
0,61,114.1,7132.15,True,True,False,True,False,True,True,False,False,False,False,True,False,True,False,True,False,True,False,True,False,False,True,False,True,False,0,0.39148681054062734,0
0,38,84.25,3264.5,False,False,False,True,False,False,True,False,False,False,False,True,False,True,False,True,False,False,False,False,False,False,True,True,False,False,1,0.2112036464149402,0
0,1,71.35,71.35,True,False,False,True,False,False,True,False,False,False,False,False,False,False,False,False,False,False,False,False,False,False,True,False,False,True,1,0.603475019143663,1
0,56,65.2,3512.15,False,True,True,True,False,True,False,False,False,True,False,False,False,False,False,False,False,True,False,False,True,False,False,False,False,False,0,0.03137364405101733,0
0,5,85.4,425.9,False,False,False,True,False,False,True,False,False,False,False,False,False,False,False,True,False,False,False,True,False,False,True,True,False,False,1,0.5471484690723833,1
0,11,45.9,521.9,True,True,False,True,False,False,False,False,False,False,False,False,False,False,False,False,False,False,False,False,False,False,True,False,False,False,0,0.34846245200293274,0
0,59,106.15,6256.2,False,True,True,True,False,True,True,False,False,False,False,True,False,True,False,False,False,True,False,True,True,False,True,False,True,False,0,0.28368136481716333,0
0,1,45.4,45.4,False,False,False,True,False,False,False,False,False,False,False,False,False,False,False,False,False,False,False,False,False,False,True,False,False,True,0,0.4412784420268992,0
1,72,104.15,7689.95,True,True,False,True,False,True,True,False,False,False,False,True,False,True,False,False,False,True,False,True,False,True,True,False,False,False,1,0.11801144923301392,0
0,22,20.15,419.9,True,True,True,True,False,False,False,True,True,False,True,False,True,False,True,False,True,False,True,False,True,False,False,False,False,True,0,0.03845455882942969,0
0,17,44.6,681.4,True,False,True,True,False,False,False,False,False,False,False,False,False,False,False,False,False,False,False,False,True,False,False,False,False,True,0,0.10613130385970355,0
0,50,44.45,2188.45,True,True,False,False,True,False,False,False,False,True,False,False,False,False,False,True,False,True,False,False,True,False,True,False,False,False,0,0.04770689472010588,0
0,8,66.65,520.95,True,False,False,True,False,False,False,False,False,False,False,True,False,False,False,True,False,True,False,False,False,False,True,False,True,False,0,0.34830836923179936,0
0,56,59.8,3457.45,True,True,True,True,False,False,False,False,False,True,False,True,False,True,False,False,False,False,False,False,False,True,True,False,False,False,0,0.010414790659348453,0
0,3,80.3,250.05,False,True,True,True,False,False,True,False,False,False,False,False,False,False,False,False,False,False,False,True,False,False,True,False,True,False,1,0.7185500534571146,1
0,40,20.4,745.3,True,True,True,True,False,False,False,True,True,False,True,False,True,False,True,False,True,False,True,False,False,False,True,False,False,False,0,0.04100756287046576,0
1,67,101.4,6841.05,True,False,False,True,False,True,True,False,False,False,False,False,False,True,False,False,False,True,False,True,False,False,True,True,False,False,0,0.3614942362791114,0
0,4,91.65,365.4,False,True,False,True,False,True,True,False,False,False,False,True,False,False,False,False,False,True,False,False,False,False,True,False,True,False,1,0.72871282368289,1
0,67,20.85,1327.4,False,True,False,True,False,False,False,True,True,False,True,False,True,False,True,False,True,False,True,False,True,False,True,False,False,False,0,0.006926751943150155,0
0,4,50.3,217.1,False,True,True,True,False,False,False,False,False,True,False,False,False,False,False,False,False,False,False,False,False,False,False,False,True,False,0,0.2914600476614132,0
0,61,24.1,1551.6,False,True,True,True,False,True,False,True,True,False,True,False,True,False,True,False,True,False,True,False,False,True,True,False,False,True,0,0.005239497973407207,0
0,69,26.3,1763.55,False,True,False,True,False,True,False,True,True,False,True,False,True,False,True,False,True,False,True,False,True,False,True,False,True,False,0,0.012180568076012671,0
0,49,20.15,973.35,False,True,False,True,False,False,False,True,True,False,True,False,True,False,True,False,True,False,True,False,False,True,True,False,False,False,0,0.008288819291180345,0
0,49,85.3,4297.95,True,True,False,True,False,False,True,False,False,False,False,True,False,False,False,False,False,True,False,False,False,False,True,True,False,False,0,0.2581636148283662,0
0,35,113.2,3914.05,False,False,False,True,False,True,True,False,False,True,False,True,False,True,False,True,False,True,False,True,False,True,True,False,False,True,0,0.11023220837768344,0
0,69,24.45,1718.2,True,True,True,True,False,True,False,True,True,False,True,False,True,False,True,False,True,False,True,False,False,True,False,False,False,False,0,0.0024535634446376893,0
0,60,59.85,3483.45,False,True,False,True,False,False,False,False,False,True,False,True,False,False,False,True,False,False,False,False,False,True,False,False,False,False,0,0.005308867885310768,0
0,1,40.1,40.1,False,True,True,False,True,False,False,False,False,False,False,False,False,False,False,True,False,True,False,False,False,False,False,False,True,False,1,0.53241465242976,1
0,17,55.85,937.5,False,False,True,True,False,True,False,False,False,False,False,False,False,True,False,False,False,False,False,False,True,False,True,False,False,True,1,0.1828574449853388,0
0,1,44.55,44.55,False,False,False,True,False,False,False,False,False,False,False,False,False,False,False,False,False,False,False,False,False,False,True,True,False,False,0,0.4318832171550439,0
0,5,20.55,99.45,True,True,True,True,False,False,False,True,True,False,True,False,True,False,True,False,True,False,True,False,True,False,False,False,True,False,0,0.12112450660103714,0
0,13,20.4,261.3,False,False,False,True,False,False,False,True,True,False,True,False,True,False,True,False,True,False,True,False,False,True,True,False,False,True,0,0.046347814175610895,0
0,4,74.35,265.35,True,False,False,True,False,True,True,False,False,False,False,False,False,False,False,False,False,False,False,False,False,False,True,False,True,False,1,0.7165360064993437,1
0,53,78.75,3942.45,True,True,True,True,False,True,False,False,False,False,False,False,False,True,False,True,False,True,False,True,True,False,True,False,False,True,0,0.07082925296546583,0
0,72,64.45,4528.0,False,True,True,False,True,False,False,False,False,True,False,True,False,True,False,True,False,True,False,True,False,True,False,False,False,False,0,0.008756317320114696,0
0,24,20.75,487.05,True,False,False,True,False,False,False,True,True,False,True,False,True,False,True,False,True,False,True,False,False,True,False,False,False,True,0,0.018343938671331335,0
0,19,24.7,465.85,False,False,False,True,False,True,False,True,True,False,True,False,True,False,True,False,True,False,True,False,False,False,False,False,False,False,0,0.12303724335221648,0
0,1,19.85,19.85,True,False,True,True,False,False,False,True,True,False,True,False,True,False,True,False,True,False,True,False,False,False,False,False,False,True,0,0.17560057748376848,0
0,5,75.6,402.5,False,False,False,True,False,True,True,False,False,False,False,False,False,False,False,False,False,False,False,False,False,False,False,False,True,False,0,0.648374581304423,1
1,71,86.7,6179.35,True,True,True,True,False,False,True,False,False,True,False,True,False,True,False,False,False,False,False,False,True,False,True,False,False,False,0,0.049278576819684186,0
0,72,89.05,6254.45,True,True,False,True,False,True,False,False,False,True,False,True,False,True,False,True,False,True,False,True,False,True,True,False,False,False,0,0.015208317309603689,0
0,42,59.65,2536.55,False,False,False,True,False,False,False,False,False,True,False,True,False,True,False,False,False,False,False,False,False,False,False,False,False,False,0,0.056273160515930794,0
0,14,55.5,767.55,True,False,False,True,False,True,False,False,False,False,False,True,False,False,False,False,False,False,False,False,False,False,True,True,False,False,0,0.3039393928264578,0
0,1,51.25,51.25,True,False,False,True,False,False,False,False,False,True,False,False,False,False,False,False,False,False,False,False,False,False,False,False,False,True,0,0.25192911015211517,0
1,2,70.65,142.35,False,False,False,True,False,False,True,False,False,False,False,False,False,False,False,False,False,False,False,False,False,False,True,False,True,False,1,0.7241363744990867,1
1,72,92.45,6440.25,False,True,True,True,False,True,False,False,False,True,False,True,False,True,False,True,False,True,False,True,False,True,False,True,False,False,1,0.01070725963107464,0
0,13,88.35,1222.8,False,True,True,True,False,False,True,False,False,False,False,False,False,False,False,False,False,True,False,True,False,False,False,False,True,False,1,0.6242886582419972,1
0,18,77.8,1358.6,False,False,False,True,False,False,True,False,False,False,False,True,False,True,False,False,False,False,False,False,False,False,False,False,True,False,0,0.42854144351569745,0
0,45,96.75,4442.75,False,False,False,True,False,True,True,False,False,True,False,True,False,False,False,False,False,False,False,True,True,False,False,False,False,False,0,0.1408807581230535,0
1,55,100.15,5409.75,False,False,False,True,False,True,True,False,False,False,False,False,False,True,False,False,False,True,False,True,True,False,True,False,True,False,0,0.3811119209783577,0
0,1,50.05,50.05,True,False,True,True,False,True,False,False,False,False,False,False,False,False,False,False,False,False,False,False,False,False,True,False,True,False,0,0.5386974493572674,1
0,1,21.1,21.1,True,False,False,True,False,False,False,True,True,False,True,False,True,False,True,False,True,False,True,False,False,False,False,False,False,True,0,0.19708367440457508,0
0,65,24.8,1600.95,True,False,False,True,False,True,False,True,True,False,True,False,True,False,True,False,True,False,True,False,True,False,False,True,False,False,0,0.006392099240318582,0
0,46,69.1,3168.0,False,True,False,True,False,False,False,False,False,False,False,True,False,False,False,False,False,True,False,True,False,False,True,True,False,False,0,0.16413852153900166,0
0,21,20.75,452.2,False,False,True,True,False,False,False,True,True,False,True,False,True,False,True,False,True,False,True,False,False,False,False,False,False,True,0,0.07380983546384368,0
1,24,101.25,2440.15,True,False,False,True,False,True,True,False,False,False,False,True,False,False,False,False,False,True,False,True,False,False,True,False,True,False,1,0.6891230643842493,1
0,34,61.25,1993.2,False,True,True,False,True,False,False,False,False,True,False,False,False,True,False,True,False,True,False,True,True,False,False,False,False,True,0,0.08090218219253016,0
0,13,74.65,966.25,False,False,False,True,False,False,True,False,False,False,False,True,False,False,False,False,False,False,False,False,True,False,True,False,False,True,0,0.3193988774388209,0
0,48,69.7,3023.65,False,True,True,True,False,False,False,False,False,True,False,False,False,True,False,True,False,True,False,False,True,False,False,False,False,False,0,0.02237828289093476,0
0,56,106.8,5914.4,False,False,False,True,False,True,True,False,False,False,False,True,False,True,False,False,False,True,False,True,True,False,True,False,True,False,0,0.3169292897122372,0
0,42,100.4,4303.65,False,True,True,True,False,False,True,False,False,False,False,False,False,True,False,True,False,True,False,True,False,True,True,False,True,False,0,0.15210962614684329,0
0,4,54.7,235.05,False,True,False,True,False,False,False,False,False,True,False,True,False,False,False,False,False,False,False,False,False,False,False,False,False,True,0,0.21816576874838248,0
0,65,55.15,3673.15,False,True,False,True,False,False,False,False,False,True,False,False,False,True,False,False,False,False,False,False,False,False,True,False,False,True,0,0.037431857459788366,0
0,3,25.0,78.25,True,True,False,False,True,False,False,False,False,False,False,False,False,False,False,False,False,False,False,False,False,False,False,False,False,True,0,0.5004871942438154,1
0,70,80.6,5460.2,False,True,True,True,False,True,False,False,False,True,False,False,False,False,False,True,False,True,False,True,False,True,True,False,False,False,0,0.015038293900391,0
1,1,88.8,88.8,True,False,False,True,False,True,True,False,False,False,False,False,False,True,False,False,False,True,False,False,False,False,True,False,True,False,1,0.788644459944902,1
0,66,54.8,3465.7,True,False,False,True,False,False,False,False,False,True,False,True,False,False,False,False,False,False,False,False,True,False,True,False,False,True,0,0.013928867614269333,0
0,19,55.0,1046.5,True,False,False,True,False,False,False,False,False,False,False,False,False,True,False,True,False,False,False,False,False,False,True,True,False,False,1,0.1844557104886733,0
0,70,24.25,1724.15,True,True,False,True,False,True,False,True,True,False,True,False,True,False,True,False,True,False,True,False,False,True,False,False,False,False,0,0.0027233578112703725,0
0,41,99.65,4220.35,True,False,False,True,False,False,True,False,False,False,False,True,False,False,False,True,False,True,False,True,False,True,True,True,False,False,0,0.10109218402936829,0
0,45,109.75,4900.65,True,True,True,True,False,True,True,False,False,False,False,True,False,True,False,True,False,True,False,True,False,True,True,False,False,False,0,0.1158817397594055,0
0,49,20.45,900.9,False,True,False,True,False,False,False,True,True,False,True,False,True,False,True,False,True,False,True,False,True,False,False,False,False,False,0,0.012285431352131618,0
1,22,90.5,1910.6,True,False,False,True,False,True,True,False,False,False,False,False,False,False,False,True,False,True,False,False,False,False,True,False,False,False,1,0.5007351425180939,1
0,56,99.75,5608.4,False,True,True,True,False,True,True,False,False,False,False,True,False,True,False,True,False,False,False,True,True,False,True,True,False,False,0,0.1326905628708831,0
0,15,55.7,899.8,False,False,False,True,False,True,False,False,False,True,False,False,False,False,False,False,False,False,False,False,False,False,True,False,False,True,1,0.26798604406702387,0
0,67,100.25,6689.0,False,True,True,True,False,True,True,False,False,True,False,False,False,True,False,True,False,False,False,True,True,False,True,False,False,False,0,0.08710029912028677,0
0,1,19.65,19.65,True,True,True,True,False,False,False,True,True,False,True,False,True,False,True,False,True,False,True,False,True,False,False,False,False,True,0,0.10691875499999066,0
1,38,101.15,3741.85,True,True,True,True,False,True,True,False,False,False,False,True,False,False,False,False,False,True,False,True,False,False,False,False,True,False,0,0.4901897352509824,0
0,52,74.0,3877.65,False,False,False,True,False,True,False,False,False,True,False,False,False,True,False,True,False,True,False,False,True,False,False,True,False,False,0,0.02977235724768673,0
0,34,20.1,682.1,False,True,True,True,False,False,False,True,True,False,True,False,True,False,True,False,True,False,True,False,True,False,True,False,False,False,0,0.03210876093571767,0
0,69,19.9,1356.7,True,True,True,True,False,False,False,True,True,False,True,False,True,False,True,False,True,False,True,False,False,True,False,False,False,False,0,0.0017232330937757834,0
0,4,101.7,364.55,True,False,True,True,False,True,True,False,False,False,False,True,False,False,False,False,False,True,False,True,False,False,True,False,True,False,1,0.7261993521521535,1
0,63,58.55,3503.5,False,False,False,True,False,False,False,False,False,False,False,False,False,True,False,False,False,False,False,True,True,False,False,True,False,False,0,0.0285001203346407,0
0,24,19.75,483.15,True,True,False,True,False,False,False,True,True,False,True,False,True,False,True,False,True,False,True,False,False,True,False,False,False,True,0,0.01963212582529634,0
0,62,90.7,5586.45,True,False,False,True,False,True,True,False,False,True,False,True,False,True,False,False,False,False,False,False,False,False,False,False,False,False,0,0.10552979998635588,0
0,36,19.25,679.8,False,False,False,True,False,False,False,True,True,False,True,False,True,False,True,False,True,False,True,False,True,False,True,False,False,False,0,0.03197023636444286,0
0,38,68.15,2656.3,False,False,False,True,False,True,False,False,False,False,False,True,False,False,False,True,False,False,False,True,False,False,False,True,False,False,0,0.11902106306481224,0
1,47,80.35,3825.85,False,True,False,True,False,True,True,False,False,True,False,False,False,False,False,False,False,False,False,False,False,False,False,False,True,False,1,0.27324609461113875,0
0,38,79.45,3013.05,True,True,False,True,False,False,True,False,False,True,False,True,False,False,False,False,False,False,False,False,False,False,True,False,True,False,1,0.26633374621157263,0
0,42,92.15,3875.4,False,True,True,True,False,False,True,False,False,False,False,False,False,True,False,False,False,True,False,True,False,False,True,False,True,False,0,0.49098268410405654,0
0,42,25.25,1108.2,False,True,False,True,False,True,False,True,True,False,True,False,True,False,True,False,True,False,True,False,False,True,False,False,True,False,0,0.01600615417064586,0
0,3,75.3,244.1,False,False,False,True,False,False,False,False,False,False,False,True,False,False,False,True,False,True,False,True,False,False,True,False,True,False,0,0.474617815126999,0
1,8,100.3,832.35,True,False,False,True,False,False,True,False,False,True,False,False,False,False,False,True,False,True,False,True,False,False,False,True,False,False,1,0.4050956801728917,0
1,9,84.4,732.5,True,False,False,True,False,True,True,False,False,False,False,False,False,False,False,False,False,False,False,True,False,False,True,True,False,False,1,0.6881455204325391,1
0,58,68.4,3972.25,False,True,False,True,False,True,False,False,False,True,False,False,False,False,False,True,False,False,False,True,True,False,True,False,True,False,0,0.055111802533414335,0
1,21,60.05,1236.15,True,False,False,True,False,False,False,False,False,False,False,False,False,True,False,False,False,True,False,False,False,False,True,False,False,False,1,0.3182181290612553,0
0,10,20.9,247.0,False,False,False,True,False,False,False,True,True,False,True,False,True,False,True,False,True,False,True,False,False,False,True,False,False,True,0,0.18746464113603617,0
0,70,98.9,6838.6,False,False,False,True,False,True,True,False,False,False,False,True,False,False,False,False,False,True,False,True,True,False,False,False,True,False,0,0.17739997491001086,0
0,26,75.0,1908.35,True,False,False,True,False,False,False,False,False,True,False,False,False,False,False,True,False,True,False,True,True,False,False,False,False,False,0,0.07557965870608983,0
1,36,96.5,3436.1,True,True,False,True,False,True,True,False,False,False,False,True,False,False,False,False,False,True,False,True,False,False,True,False,True,False,1,0.6305620949061825,1
0,72,67.8,4804.65,True,True,False,True,False,True,False,False,False,True,False,True,False,True,False,True,False,False,False,False,False,True,True,False,False,False,0,0.006583956052013488,0
0,9,74.25,639.65,False,False,False,True,False,False,True,False,False,True,False,False,False,False,False,False,False,False,False,False,False,False,True,True,False,False,1,0.427325691201681,0
0,15,100.15,1415.0,False,False,False,True,False,True,True,False,False,False,False,True,False,False,False,False,False,True,False,True,False,False,True,False,True,False,0,0.7105651199015939,1
1,63,83.0,5243.05,False,False,False,True,False,True,False,False,False,True,False,True,False,True,False,True,False,True,False,False,True,False,False,False,False,False,0,0.024254258840005028,0
0,4,63.75,226.2,True,False,False,True,False,False,False,False,False,False,False,True,False,False,False,True,False,True,False,False,False,False,True,False,False,False,0,0.31666272851918903,0
0,25,20.6,541.5,True,False,False,True,False,False,False,True,True,False,True,False,True,False,True,False,True,False,True,False,False,False,False,False,False,True,0,0.0676268058526861,0
0,46,19.6,851.2,True,True,False,True,False,False,False,True,True,False,True,False,True,False,True,False,True,False,True,False,False,False,False,False,True,False,0,0.03514545433376016,0
1,44,104.15,4495.65,False,True,False,True,False,True,True,False,False,False,False,False,False,True,False,True,False,True,False,True,False,False,False,False,True,False,0,0.46436761680611793,0
0,12,20.45,255.35,True,False,False,True,False,False,False,True,True,False,True,False,True,False,True,False,True,False,True,False,False,False,False,False,False,True,0,0.12355878527707886,0
0,1,44.8,44.8,True,False,False,True,False,False,False,False,False,False,False,False,False,False,False,False,False,False,False,False,False,False,True,False,True,False,0,0.5200698010307708,1
0,1,48.55,48.55,True,False,False,True,False,False,False,False,False,True,False,False,False,False,False,False,False,False,False,False,False,False,True,False,False,True,1,0.3276780052558252,0
1,20,61.6,1174.35,False,False,False,True,False,True,False,False,False,False,False,False,False,False,False,False,False,False,False,True,False,False,True,False,False,True,1,0.41419498101363406,0
0,72,117.5,8670.1,False,True,True,True,False,True,True,False,False,True,False,True,False,True,False,True,False,True,False,True,False,True,False,True,False,False,0,0.036404703640769344,0
0,53,60.45,3184.25,True,True,False,False,True,False,False,False,False,False,False,True,False,True,False,True,False,True,False,True,True,False,True,False,True,False,1,0.11041811571914902,0
0,52,19.2,1054.75,True,True,True,True,False,False,False,True,True,False,True,False,True,False,True,False,True,False,True,False,False,True,False,False,False,True,0,0.004059454478253514,0
1,2,74.2,140.1,True,True,False,True,False,False,True,False,False,False,False,False,False,True,False,False,False,False,False,False,False,False,True,False,True,False,0,0.7191173392401021,1
0,50,93.5,4747.5,True,False,False,True,False,False,True,False,False,True,False,True,False,False,False,True,False,False,False,True,False,False,True,True,False,False,0,0.14929436222111497,0
0,17,69.0,1149.65,True,True,True,True,False,False,True,False,False,False,False,False,False,False,False,False,False,False,False,False,False,False,True,False,True,False,1,0.5305468519790973,1
1,51,29.45,1459.35,True,True,False,False,True,False,False,False,False,False,False,True,False,False,False,False,False,False,False,False,False,False,True,True,False,False,0,0.11022563701582357,0
1,16,78.75,1218.25,True,False,False,True,False,False,True,False,False,False,False,False,False,False,False,False,False,False,False,True,False,False,True,False,True,False,0,0.6729482774340025,1
0,18,95.05,1679.4,False,False,False,True,False,True,True,False,False,False,False,False,False,True,False,True,False,False,False,True,False,False,True,False,False,False,0,0.527049624689495,1
0,71,85.45,6300.85,True,True,True,True,False,True,False,False,False,True,False,False,False,True,False,True,False,True,False,True,True,False,False,False,True,False,0,0.03455903579137978,0
0,68,44.8,2983.65,True,True,True,False,True,False,False,False,False,True,False,True,False,False,False,False,False,True,False,False,True,False,False,False,False,True,0,0.015611008367863749,0
1,1,74.7,74.7,True,False,False,True,False,False,True,False,False,False,False,False,False,False,False,True,False,False,False,False,False,False,False,False,True,False,0,0.5621987553168359,1
0,25,18.7,383.65,False,True,True,True,False,False,False,True,True,False,True,False,True,False,True,False,True,False,True,False,False,True,True,False,False,True,0,0.022784065346027827,0
1,24,93.15,2231.05,True,True,False,True,False,False,True,False,False,False,False,False,False,True,False,False,False,True,False,True,False,False,True,False,True,False,1,0.6779778109807271,1
0,14,50.75,712.75,True,False,False,False,True,False,False,False,False,False,False,False,False,True,False,False,False,True,False,True,False,False,True,False,True,False,1,0.6336576101457935,1
0,55,59.2,3175.85,True,False,False,True,False,False,False,False,False,True,False,False,False,True,False,True,False,False,False,False,False,True,True,False,True,False,0,0.012939778036008313,0
0,25,61.05,1540.2,False,False,False,False,True,False,False,False,False,True,False,True,False,True,False,False,False,True,False,True,True,False,False,False,True,False,0,0.19612319580978907,0
0,10,60.2,563.5,True,True,True,True,False,False,False,False,False,False,False,False,False,True,False,False,False,True,False,False,False,False,False,False,False,True,0,0.27384967434992064,0
0,61,103.9,6449.15,True,True,True,True,False,False,True,False,False,False,False,True,False,True,False,True,False,True,False,True,True,False,False,True,False,False,0,0.08639258502794182,0
0,6,59.15,336.7,True,False,False,True,False,False,False,False,False,True,False,False,False,False,False,False,False,False,False,True,False,False,True,False,False,False,0,0.3470135680461157,0
0,13,19.95,243.65,True,False,False,True,False,False,False,True,True,False,True,False,True,False,True,False,True,False,True,False,False,True,False,False,False,True,0,0.03201221621473758,0
0,2,19.3,44.4,False,False,False,True,False,False,False,True,True,False,True,False,True,False,True,False,True,False,True,False,False,False,False,False,False,True,0,0.2008884109835729,0
0,1,45.0,45.0,False,True,False,True,False,False,False,False,False,False,False,False,False,False,False,False,False,False,False,False,False,False,True,False,True,False,0,0.54624966986677,1
0,2,70.35,139.25,False,False,False,True,False,False,True,False,False,False,False,False,False,False,False,False,False,False,False,False,False,False,False,False,True,False,0,0.6157805725601432,1
1,49,96.2,4718.25,True,False,False,True,False,True,True,False,False,False,False,False,False,False,False,False,False,True,False,True,False,False,True,False,True,False,1,0.5662201461796111,1
0,1,45.3,45.3,False,False,False,True,False,False,False,False,False,False,False,False,False,False,False,False,False,False,False,False,False,False,True,False,False,True,1,0.4415969693832587,0
0,37,94.3,3460.95,True,True,False,True,False,True,True,False,False,False,False,False,False,True,False,True,False,True,False,False,False,True,False,False,False,True,0,0.09234020631231778,0
0,40,20.15,777.35,False,True,True,True,False,False,False,True,True,False,True,False,True,False,True,False,True,False,True,False,False,True,False,False,False,False,0,0.0080190878489318,0
1,23,94.75,2293.6,False,False,False,True,False,False,True,False,False,False,False,True,False,False,False,False,False,True,False,True,False,False,True,False,True,False,1,0.6556295196418639,1
1,66,108.1,7238.6,False,False,False,True,False,True,True,False,False,False,False,True,False,True,False,False,False,True,False,True,True,False,False,False,False,False,0,0.191461121585001,0
0,17,92.55,1515.1,True,True,True,True,False,True,True,False,False,False,False,False,False,False,False,False,False,True,False,True,False,False,True,False,True,False,1,0.7103956432739708,1
1,9,85.05,746.5,True,False,False,True,False,True,True,False,False,False,False,False,False,False,False,False,False,False,False,True,False,False,True,False,True,False,1,0.7677420218892596,1
1,39,101.25,3949.15,False,True,False,True,False,True,True,False,False,False,False,False,False,False,False,True,False,True,False,True,False,False,True,False,True,False,0,0.5821937570023109,1
0,23,40.1,857.75,True,False,True,False,True,False,False,False,False,True,False,False,False,True,False,True,False,False,False,False,False,True,False,False,False,True,0,0.03202895633223357,0
0,50,20.15,989.05,True,False,False,True,False,False,False,True,True,False,True,False,True,False,True,False,True,False,True,False,True,False,False,True,False,False,0,0.00985955167428923,0
0,3,97.9,315.3,False,False,False,True,False,False,True,False,False,False,False,True,False,False,False,True,False,True,False,True,False,False,True,False,True,False,1,0.6600470253118602,1
0,61,19.45,1336.35,False,False,False,True,False,False,False,True,True,False,True,False,True,False,True,False,True,False,True,False,True,False,False,False,False,False,0,0.006768683226635947,0
0,24,88.95,2072.75,False,False,False,True,False,True,True,False,False,False,False,False,False,True,False,False,False,True,False,False,False,False,True,True,False,False,0,0.5219809569721343,1
0,14,84.8,1203.9,False,True,True,True,False,True,True,False,False,False,False,False,False,False,False,False,False,True,False,False,False,False,True,False,True,False,0,0.6769791449002702,1
0,52,25.75,1345.85,True,True,True,True,False,True,False,True,True,False,True,False,True,False,True,False,True,False,True,False,False,True,False,False,False,True,0,0.005501714717849293,0
0,15,84.3,1308.4,False,True,False,True,False,False,True,False,False,False,False,False,False,True,False,False,False,True,False,False,False,False,True,False,True,False,1,0.6445251002181106,1
0,33,59.4,1952.8,False,False,False,True,False,True,False,False,False,True,False,False,False,False,False,True,False,False,False,False,True,False,False,False,True,False,0,0.06363690876477743,0
1,69,95.35,6382.0,True,True,False,True,False,True,True,False,False,False,False,True,False,True,False,False,False,False,False,True,False,False,True,False,False,False,0,0.2645518471539548,0
0,61,88.1,5526.75,False,True,True,True,False,True,False,False,False,True,False,True,False,True,False,True,False,True,False,True,False,True,False,False,False,True,0,0.014322654045725625,0
0,71,116.05,8297.5,True,True,True,True,False,True,True,False,False,True,False,True,False,True,False,True,False,True,False,True,False,True,True,False,False,False,0,0.05004431009255378,0
0,53,90.8,4921.2,False,False,False,True,False,True,True,False,False,True,False,True,False,True,False,False,False,False,False,False,False,False,False,False,True,False,0,0.1890373956186272,0
1,42,55.65,2421.75,False,False,False,True,False,True,False,False,False,False,False,False,False,True,False,False,False,False,False,False,False,False,False,False,True,False,0,0.18317663080341853,0
0,36,79.2,2854.95,True,False,False,True,False,False,False,False,False,True,False,False,False,True,False,True,False,True,False,True,False,False,True,True,False,False,0,0.12539148267943653,0
0,25,105.5,2686.05,True,False,False,True,False,False,True,False,False,True,False,False,False,True,False,True,False,True,False,True,False,False,True,False,True,False,0,0.4362127645642091,0
0,8,20.7,137.6,False,False,False,True,False,False,False,True,True,False,True,False,True,False,True,False,True,False,True,False,False,False,True,False,False,True,0,0.20059971024365314,0
0,16,95.6,1555.65,False,False,False,True,False,True,True,False,False,False,False,True,False,True,False,False,False,False,False,True,False,False,True,True,False,False,1,0.5665409440556319,1
0,12,89.75,1052.4,False,False,False,True,False,True,True,False,False,False,False,True,False,False,False,False,False,True,False,False,False,False,True,False,False,False,1,0.5960742129413933,1
0,28,104.8,3046.05,False,True,False,True,False,True,True,False,False,False,False,False,False,True,False,True,False,True,False,True,False,False,True,False,True,False,1,0.6205917766075291,1
0,7,94.1,701.3,True,False,False,True,False,True,True,False,False,False,False,False,False,False,False,False,False,True,False,True,False,False,True,False,True,False,0,0.7859235215735055,1
1,32,104.9,3351.55,True,True,False,True,False,True,True,False,False,False,False,False,False,True,False,True,False,True,False,True,False,False,True,False,True,False,1,0.6145020482300662,1
0,1,78.65,78.65,False,False,True,True,False,False,True,False,False,False,False,False,False,False,False,False,False,False,False,True,False,False,False,False,True,False,1,0.6522728497905954,1
0,8,30.45,226.45,True,False,False,False,True,False,False,False,False,True,False,False,False,False,False,False,False,False,False,False,False,False,True,False,True,False,1,0.48308476481716284,0
0,63,103.4,6603.0,True,True,False,True,False,True,True,False,False,False,False,True,False,True,False,False,False,True,False,True,False,False,True,False,True,False,1,0.4331314065065176,0
0,1,34.7,34.7,False,False,False,False,True,False,False,False,False,False,False,False,False,False,False,False,False,True,False,False,False,False,True,False,True,False,1,0.720668570079583,1
0,60,102.5,6157.6,True,True,False,True,False,True,True,False,False,False,False,True,False,True,False,False,False,True,False,True,True,False,False,False,False,False,0,0.1803187601286871,0
0,16,86.25,1340.1,False,False,False,True,False,False,True,False,False,False,False,True,False,False,False,False,False,False,False,True,False,False,True,False,True,False,0,0.602360075628692,1
1,71,92.0,6585.2,True,True,False,True,False,True,True,False,False,True,False,True,False,True,False,True,False,False,False,False,True,False,True,False,True,False,0,0.08043947049398203,0
0,40,85.05,3355.65,True,True,True,True,False,False,True,False,False,False,False,False,False,True,False,False,False,True,False,False,True,False,True,False,True,False,0,0.25679280635231155,0
1,18,99.75,1836.25,False,True,False,True,False,True,True,False,False,False,False,False,False,False,False,True,False,True,False,True,False,False,False,False,False,False,1,0.5617049002376129,1
0,5,78.75,426.35,True,False,False,True,False,False,True,False,False,False,False,False,False,False,False,False,False,False,False,True,False,False,False,False,False,True,0,0.5630908399407176,1
0,33,79.0,2576.8,True,False,False,True,False,False,True,False,False,False,False,True,False,True,False,False,False,False,False,False,False,False,True,True,False,False,0,0.28637299930828924,0
0,13,19.75,246.7,False,True,True,True,False,False,False,True,True,False,True,False,True,False,True,False,True,False,True,False,False,True,True,False,False,False,0,0.04387075377072171,0
0,40,50.25,2023.55,False,False,False,True,False,False,False,False,False,False,False,False,False,True,False,False,False,False,False,False,True,False,True,False,False,True,0,0.0720577330871842,0
1,67,116.1,7839.85,True,False,False,True,False,True,True,False,False,True,False,True,False,True,False,True,False,True,False,True,False,True,True,True,False,False,0,0.06400926596435763,0
0,16,50.15,762.25,False,False,False,True,False,False,False,False,False,True,False,False,False,False,False,False,False,False,False,False,False,False,True,False,True,False,1,0.27408628628566667,0
0,59,66.4,3958.2,True,True,False,True,False,False,False,False,False,True,False,True,False,True,False,False,False,True,False,False,True,False,False,True,False,False,0,0.020253057439669597,0
1,8,69.95,562.7,True,False,False,True,False,False,True,False,False,False,False,False,False,False,False,False,False,False,False,False,False,False,True,True,False,False,0,0.5745040844499074,1
0,24,24.1,587.4,True,True,True,True,False,True,False,True,True,False,True,False,True,False,True,False,True,False,True,False,False,True,True,False,False,False,0,0.03170990065236078,0
0,7,20.25,144.35,True,True,True,True,False,False,False,True,True,False,True,False,True,False,True,False,True,False,True,False,False,False,False,False,False,True,0,0.14151621534064096,0
0,72,24.1,1734.65,True,True,True,True,False,True,False,True,True,False,True,False,True,False,True,False,True,False,True,False,False,True,False,True,False,False,0,0.0019074655902852503,0
0,44,88.15,3973.2,False,False,False,True,False,False,True,False,False,False,False,True,False,True,False,False,False,True,False,False,False,False,True,True,False,False,0,0.289799020276635,0
1,38,74.95,2869.85,False,True,False,True,False,True,True,False,False,False,False,False,False,False,False,False,False,False,False,False,False,False,True,False,False,False,1,0.43041628899738976,0
0,4,55.9,238.5,True,False,False,True,False,False,False,False,False,False,False,False,False,False,False,False,False,False,False,True,False,False,True,False,True,False,0,0.5515733223354587,1
0,2,53.45,119.5,True,False,False,True,False,False,False,False,False,True,False,False,False,True,False,False,False,False,False,False,False,False,False,False,True,False,0,0.31462483289003734,0
0,70,49.85,3370.2,False,True,False,False,True,False,False,False,False,True,False,False,False,True,False,True,False,False,False,True,False,True,True,False,False,False,0,0.01163438647140026,0
0,33,90.65,2989.6,False,False,False,True,False,True,True,False,False,True,False,False,False,False,False,False,False,False,False,True,False,False,True,False,True,False,0,0.48381415764075436,0
0,1,24.9,24.9,False,False,False,False,True,False,False,False,False,False,False,False,False,False,False,False,False,False,False,False,False,False,True,False,False,True,0,0.6059882835305169,1
0,39,35.55,1309.15,True,False,False,False,True,False,False,False,False,False,False,False,False,True,False,True,False,False,False,False,True,False,False,False,False,True,0,0.05603147624307701,0
1,55,116.5,6382.55,True,False,False,True,False,True,True,False,False,True,False,True,False,True,False,True,False,True,False,True,False,False,True,False,True,False,0,0.34338724864555514,0
0,52,68.75,3482.85,True,True,True,True,False,False,False,False,False,False,False,True,False,True,False,True,False,True,False,False,True,False,True,False,True,False,0,0.04786014798449916,0
0,30,51.2,1561.5,False,True,True,False,True,False,False,False,False,False,False,False,False,False,False,True,False,True,False,True,False,False,False,True,False,False,1,0.22454813882396732,0
1,60,99.0,6017.9,True,True,False,True,False,True,True,False,False,False,False,False,False,False,False,True,False,True,False,True,False,False,True,False,True,False,0,0.43682578801517485,0
0,50,54.9,2614.1,True,True,True,True,False,True,False,False,False,False,False,False,False,True,False,False,False,False,False,False,True,False,False,False,False,False,0,0.04083442981782957,0
0,32,109.55,3608.0,False,False,False,True,False,True,True,False,False,True,False,False,False,True,False,True,False,True,False,True,True,False,True,False,False,False,0,0.2630806063507916,0
0,51,106.8,5498.8,True,True,False,True,False,True,True,False,False,False,False,True,False,True,False,False,False,True,False,True,True,False,True,False,False,False,0,0.284443681545117,0
0,1,74.3,74.3,True,False,False,True,False,False,True,False,False,False,False,False,False,False,False,True,False,False,False,False,False,False,True,False,False,True,0,0.5173016546973203,1
0,69,25.6,1673.4,False,True,True,True,False,True,False,True,True,False,True,False,True,False,True,False,True,False,True,False,False,True,True,False,False,False,0,0.0034992980066455956,0
0,42,94.2,4186.3,False,True,True,True,False,True,True,False,False,False,False,False,False,False,False,False,False,True,False,True,False,False,True,False,True,False,1,0.5790864824340335,1
0,14,46.35,667.7,True,True,False,False,True,False,False,False,False,False,False,False,False,False,False,False,False,True,False,True,False,False,False,False,True,False,1,0.5740184943050262,1
0,52,25.6,1334.5,True,False,True,True,False,True,False,True,True,False,True,False,True,False,True,False,True,False,True,False,False,True,False,True,False,False,0,0.004941580816451657,0
0,62,107.6,6912.7,True,True,False,True,False,True,True,False,False,False,False,False,False,True,False,True,False,True,False,True,False,True,True,False,False,False,0,0.11279015192135108,0
0,72,19.55,1463.45,False,True,True,True,False,False,False,True,True,False,True,False,True,False,True,False,True,False,True,False,False,True,False,False,False,False,0,0.0015832676637284626,0
0,32,96.2,3183.4,True,False,False,True,False,False,True,False,False,False,False,False,False,False,False,True,False,True,False,True,False,False,True,False,True,False,1,0.4982503091900955,0
1,1,69.65,69.65,False,False,False,True,False,False,True,False,False,False,False,False,False,False,False,False,False,False,False,False,False,False,True,False,True,False,1,0.7336713365663213,1
1,72,78.5,5602.25,False,True,False,True,False,True,True,False,False,True,False,False,False,False,False,False,False,False,False,False,False,True,False,False,False,False,0,0.027729043650657138,0
1,1,45.1,45.1,False,False,False,True,False,False,False,False,False,False,False,False,False,False,False,False,False,False,False,False,False,False,False,False,False,True,1,0.40005451626127525,0
0,1,25.75,25.75,False,False,False,True,False,True,False,True,True,False,True,False,True,False,True,False,True,False,True,False,False,False,True,False,False,True,0,0.31459048252819,0
0,5,104.1,541.9,True,False,False,True,False,True,True,False,False,False,False,True,False,True,False,False,False,True,False,True,False,False,False,False,False,True,1,0.6038998803039025,1
0,63,104.75,6536.5,True,False,False,True,False,True,True,False,False,False,False,True,False,True,False,False,False,True,False,True,False,True,True,False,False,False,0,0.11106248482228262,0
0,67,81.35,5398.6,True,True,True,True,False,False,False,False,False,True,False,True,False,True,False,False,False,True,False,True,False,True,False,True,False,False,0,0.009780190759655487,0
0,40,96.35,3915.4,False,True,True,True,False,True,True,False,False,False,False,True,False,True,False,False,False,True,False,False,False,False,True,True,False,False,0,0.3562431458834837,0
0,65,93.55,6069.25,True,False,False,True,False,True,True,False,False,True,False,False,False,False,False,True,False,False,False,True,True,False,False,False,True,False,0,0.0894070763387132,0
0,16,19.7,301.55,False,True,True,True,False,False,False,True,True,False,True,False,True,False,True,False,True,False,True,False,False,True,False,False,False,True,0,0.026302498499129752,0
1,46,69.1,3255.35,False,False,False,True,False,True,False,False,False,False,False,False,False,True,False,True,False,False,False,True,True,False,True,True,False,False,0,0.0929539525683159,0
0,11,35.65,425.1,True,False,False,False,True,False,False,False,False,False,False,True,False,False,False,True,False,False,False,False,False,False,True,False,True,False,0,0.4247753024026817,0
0,49,99.4,5025.0,False,True,False,True,False,False,True,False,False,False,False,True,False,True,False,False,False,True,False,True,False,False,False,False,True,False,0,0.38065928609096555,0
0,68,54.4,3723.65,False,True,False,False,True,False,False,False,False,True,False,False,False,True,False,False,False,True,False,True,True,False,True,False,True,False,0,0.06920247903744794,0
0,10,19.3,185.2,False,False,False,True,False,False,False,True,True,False,True,False,True,False,True,False,True,False,True,False,True,False,True,False,False,True,0,0.10902295245280928,0
1,2,83.8,163.7,False,False,False,True,False,False,True,False,False,False,False,True,False,False,False,False,False,True,False,False,False,False,True,False,False,False,0,0.6521049668381905,1
0,5,68.95,351.5,False,True,False,True,False,False,True,False,False,False,False,False,False,False,False,False,False,False,False,False,False,False,True,False,True,False,0,0.6846512205759203,1
0,53,62.85,3419.5,True,False,True,True,False,False,False,False,False,True,False,True,False,False,False,True,False,False,False,False,True,False,False,True,False,False,0,0.011175940417259443,0
1,54,110.45,6077.75,True,True,False,True,False,True,True,False,False,False,False,True,False,True,False,True,False,True,False,True,False,True,True,False,True,False,0,0.17471731726464626,0
0,4,45.3,196.95,False,False,False,True,False,False,False,False,False,False,False,False,False,False,False,False,False,False,False,False,False,False,True,False,False,True,1,0.41080030385586425,0
1,15,75.65,1146.65,True,False,False,True,False,True,True,False,False,False,False,False,False,False,False,False,False,False,False,False,False,False,False,False,True,False,1,0.593247232877312,1
0,10,19.85,193.05,True,False,False,True,False,False,False,True,True,False,True,False,True,False,True,False,True,False,True,False,False,False,True,False,False,True,0,0.17942319017089206,0
0,3,55.3,196.15,False,False,False,True,False,False,False,False,False,False,False,False,False,False,False,False,False,False,False,True,False,False,True,False,True,False,1,0.5769232011576614,1
0,71,24.75,1836.9,False,True,False,True,False,True,False,True,True,False,True,False,True,False,True,False,True,False,True,False,False,True,False,False,False,False,0,0.0027825812418634127,0
0,8,54.75,445.85,True,True,False,True,False,False,False,False,False,False,False,True,False,True,False,False,False,False,False,False,False,False,True,False,False,True,0,0.3206908225537316,0
1,1,94.0,94.0,True,False,False,True,False,True,True,False,False,False,False,False,False,False,False,False,False,True,False,True,False,False,True,False,True,False,1,0.8347674333469609,1
0,64,110.3,6997.3,False,True,True,True,False,True,True,False,False,True,False,True,False,False,False,True,False,True,False,True,False,True,False,False,False,False,0,0.0402544486298866,0
0,57,18.8,1094.35,True,False,False,True,False,False,False,True,True,False,True,False,True,False,True,False,True,False,True,False,False,True,False,True,False,False,0,0.003260090190165188,0
1,1,100.8,100.8,False,True,False,True,False,True,True,False,False,False,False,False,False,True,False,False,False,True,False,True,False,False,True,False,True,False,1,0.8396846997180579,1
1,20,60.0,1259.35,False,True,False,True,False,False,False,False,False,False,False,True,False,False,False,False,False,False,False,True,False,False,True,False,True,False,0,0.42133783925128954,0
1,26,66.05,1652.4,False,False,False,True,False,True,False,False,False,False,False,False,False,False,False,True,False,False,False,True,False,False,True,False,True,False,0,0.36447879042588743,0
1,2,79.75,159.4,False,False,False,True,False,False,True,False,False,False,False,False,False,False,False,False,False,False,False,True,False,False,True,False,False,False,1,0.7143201868012108,1
0,32,94.8,3131.55,True,True,True,True,False,False,True,False,False,True,False,True,False,True,False,False,False,False,False,True,True,False,False,False,False,True,0,0.12818090841479962,0
0,5,25.45,134.75,False,False,False,True,False,True,False,True,True,False,True,False,True,False,True,False,True,False,True,False,False,False,False,False,False,True,0,0.21301903783224488,0
0,70,111.15,7737.55,False,False,False,True,False,True,True,False,False,True,False,True,False,True,False,False,False,True,False,True,False,True,True,False,False,True,0,0.07095288263295065,0
0,31,55.25,1715.65,True,False,False,True,False,False,False,False,False,False,False,False,False,True,False,True,False,False,False,False,False,False,True,False,True,False,1,0.1728390587382167,0
0,7,59.5,415.95,False,False,False,True,False,False,False,False,False,False,False,False,False,False,False,True,False,True,False,False,False,False,True,False,False,True,1,0.33598503444271893,0
0,1,25.35,25.35,True,False,False,False,True,False,False,False,False,False,False,False,False,False,False,False,False,False,False,False,False,False,False,False,False,True,0,0.5098204723447525,1
1,20,98.55,1842.8,True,False,False,True,False,True,True,False,False,False,False,False,False,True,False,False,False,True,False,True,False,False,True,False,True,False,1,0.7361147541968031,1
0,35,61.2,2021.2,True,False,False,True,False,False,False,False,False,True,False,True,False,True,False,False,False,False,False,False,True,False,False,False,False,True,0,0.034797435737729865,0
0,6,60.9,414.1,True,False,False,True,False,False,False,False,False,False,False,False,False,True,False,False,False,True,False,False,False,False,False,False,False,True,0,0.33201798948429084,0
0,72,74.55,5430.65,False,True,True,True,False,True,False,False,False,True,False,True,False,False,False,True,False,True,False,False,False,True,False,False,False,True,0,0.005930456793081392,0
0,13,19.65,244.8,False,False,False,True,False,False,False,True,True,False,True,False,True,False,True,False,True,False,True,False,True,False,False,False,True,False,0,0.09657053860862937,0
1,4,48.75,179.85,False,False,False,True,False,True,False,False,False,False,False,False,False,False,False,False,False,False,False,False,False,False,False,False,False,True,0,0.42940947241641353,0
0,63,19.15,1177.05,True,True,True,True,False,False,False,True,True,False,True,False,True,False,True,False,True,False,True,False,False,True,True,False,False,True,0,0.0031238529676447155,0
0,69,84.7,5878.9,True,True,False,True,False,False,False,False,False,True,False,True,False,True,False,True,False,True,False,True,False,True,True,False,False,True,0,0.01216068161733447,0
0,3,34.25,139.35,False,False,False,False,True,False,False,False,False,True,False,False,False,False,False,True,False,False,False,False,False,False,False,False,False,True,1,0.3074983567438325,0
1,71,80.7,5676.0,False,True,False,True,False,True,True,False,False,True,False,False,False,False,False,False,False,False,False,False,False,True,True,True,False,False,0,0.037010083420869554,0
0,15,19.45,340.85,True,True,False,True,False,False,False,True,True,False,True,False,True,False,True,False,True,False,True,False,False,False,True,True,False,False,0,0.1480547905961375,0
0,30,19.7,599.25,False,True,True,True,False,False,False,True,True,False,True,False,True,False,True,False,True,False,True,False,False,True,False,False,False,True,0,0.01301840512600329,0
0,23,83.2,2032.3,False,False,False,True,False,False,True,False,False,False,False,True,False,True,False,True,False,False,False,False,False,False,False,False,False,False,0,0.25553135154898143,0
1,9,19.85,183.15,True,True,False,True,False,False,False,True,True,False,True,False,True,False,True,False,True,False,True,False,True,False,False,True,False,False,0,0.09393174754296933,0
0,35,19.15,638.0,True,False,False,True,False,False,False,True,True,False,True,False,True,False,True,False,True,False,True,False,True,False,True,False,False,True,0,0.030641768699194324,0
0,6,54.85,355.1,False,True,True,True,False,False,False,False,False,False,False,False,False,False,False,False,False,True,False,False,False,False,False,False,True,False,0,0.4146614486714643,0
0,1,75.05,75.05,False,False,False,True,False,True,True,False,False,False,False,False,False,False,False,False,False,False,False,False,False,False,True,False,False,True,1,0.6733444469546563,1
0,72,25.1,1857.85,False,True,True,True,False,True,False,True,True,False,True,False,True,False,True,False,True,False,True,False,False,True,False,False,False,False,0,0.002247935142157581,0
0,45,84.35,3858.05,True,True,True,True,False,False,False,False,False,True,False,True,False,True,False,True,False,True,False,True,False,True,True,False,False,True,0,0.021947588944108812,0
0,7,89.75,608.8,True,True,True,True,False,False,True,False,False,False,False,True,False,False,False,True,False,True,False,False,False,False,True,False,True,False,1,0.5235715664947377,1
0,70,48.4,3442.8,True,False,False,False,True,False,False,False,False,True,False,False,False,True,False,True,False,False,False,True,False,True,False,False,False,False,0,0.00782467246045874,0
0,53,19.9,1110.05,True,True,False,True,False,False,False,True,True,False,True,False,True,False,True,False,True,False,True,False,False,True,False,True,False,False,0,0.004305241210518916,0
0,4,51.75,201.1,True,False,False,True,False,True,False,False,False,False,False,False,False,False,False,False,False,False,False,False,False,False,False,True,False,False,1,0.3592331958322592,0
0,72,92.4,6786.1,False,True,False,True,False,True,False,False,False,True,False,True,False,True,False,True,False,True,False,True,False,True,True,False,True,False,0,0.024670421474601658,0
0,72,45.25,3139.8,True,True,True,False,True,False,False,False,False,True,False,True,False,True,False,True,False,False,False,False,False,True,False,True,False,False,0,0.0032627437369876964,0
1,17,94.8,1563.9,True,True,False,True,False,True,True,False,False,False,False,False,False,False,False,False,False,True,False,True,False,False,True,False,True,False,0,0.7689653379111878,1
0,7,69.85,515.45,False,False,False,True,False,False,True,False,False,False,False,False,False,False,False,False,False,False,False,False,False,False,True,False,False,False,0,0.5798202256257471,1
0,11,20.1,221.35,False,False,True,True,False,False,False,True,True,False,True,False,True,False,True,False,True,False,True,False,False,False,False,True,False,False,1,0.11265992733336899,0
0,2,74.9,147.15,False,False,False,True,False,True,True,False,False,False,False,False,False,False,False,False,False,False,False,False,False,False,False,True,False,False,1,0.5759528366454246,1
0,72,109.9,7624.2,False,False,False,True,False,False,True,False,False,True,False,True,False,True,False,True,False,True,False,True,False,True,True,False,True,False,0,0.04921587743913626,0
0,11,78.0,851.8,True,False,True,True,False,True,True,False,False,False,False,False,False,True,False,False,False,False,False,False,False,False,True,False,False,True,0,0.5392384640127095,1
1,5,91.4,449.75,True,False,False,True,False,False,True,False,False,False,False,False,False,False,False,False,False,True,False,True,False,False,True,False,True,False,1,0.7745128874229011,1
1,4,74.95,308.7,True,True,False,True,False,True,True,False,False,False,False,False,False,False,False,False,False,False,False,False,False,False,False,False,True,False,1,0.6936154382199035,1
0,30,50.0,1474.9,True,True,False,True,False,False,False,False,False,False,False,False,False,True,False,False,False,False,False,False,False,False,True,False,False,True,0,0.18192378473131884,0
0,11,20.9,202.3,False,True,True,True,False,False,False,True,True,False,True,False,True,False,True,False,True,False,True,False,False,True,False,True,False,False,0,0.031729921034608546,0
0,17,49.8,836.35,True,True,False,False,True,False,False,False,False,False,False,True,False,False,False,False,False,True,False,True,False,False,True,False,False,True,0,0.4933191737354141,0
1,34,56.25,1765.95,False,False,False,False,True,False,False,False,False,False,False,True,False,True,False,False,False,True,False,True,False,False,True,False,True,False,0,0.4320558758289712,0
1,2,30.4,78.65,False,False,False,False,True,False,False,False,False,False,False,False,False,True,False,False,False,False,False,False,False,False,True,False,True,False,1,0.701330436777119,1
0,55,19.1,1001.5,True,False,True,True,False,False,False,True,True,False,True,False,True,False,True,False,True,False,True,False,True,False,False,False,False,False,0,0.007029504198343635,0
1,5,59.9,287.85,False,False,False,True,False,False,False,False,False,True,False,True,False,False,False,True,False,False,False,False,False,False,False,True,False,False,0,0.16194451540327046,0
0,11,20.0,196.35,False,True,True,True,False,False,False,True,True,False,True,False,True,False,True,False,True,False,True,False,True,False,True,False,False,True,0,0.09404619647389077,0
0,1,79.6,79.6,False,False,True,True,False,False,True,False,False,False,False,False,False,False,False,False,False,False,False,True,False,False,True,False,True,False,1,0.7214241879826467,1
0,70,19.45,1303.5,False,True,False,True,False,False,False,True,True,False,True,False,True,False,True,False,True,False,True,False,False,True,False,False,False,False,0,0.001981502573912847,0
1,2,74.85,156.4,True,False,False,True,False,True,True,False,False,False,False,False,False,False,False,False,False,False,False,False,False,False,True,False,False,True,1,0.6909800953205486,1
0,7,73.85,511.25,False,False,False,True,False,True,True,False,False,False,False,False,False,False,False,False,False,False,False,False,False,False,True,False,True,False,1,0.7085284007981217,1
0,35,20.2,684.4,True,False,False,True,False,False,False,True,True,False,True,False,True,False,True,False,True,False,True,False,False,True,True,False,False,True,0,0.014591197409526954,0
0,58,71.1,4299.2,False,False,False,True,False,True,False,False,False,True,False,True,False,True,False,True,False,False,False,False,True,False,True,True,False,False,0,0.02309859229957012,0
0,72,109.2,7711.45,False,True,True,True,False,True,True,False,False,False,False,True,False,True,False,True,False,True,False,True,False,True,True,False,False,False,0,0.06580048544357016,0
0,68,62.65,4375.8,True,True,True,True,False,False,False,False,False,True,False,True,False,True,False,True,False,False,False,False,False,True,False,True,False,False,0,0.0032255013742667387,0
0,26,59.45,1507.0,True,False,False,True,False,False,False,False,False,False,False,False,False,False,False,True,False,True,False,False,True,False,False,True,False,False,0,0.0753121221356737,0
0,12,45.05,523.1,False,False,False,True,False,False,False,False,False,False,False,False,False,False,False,False,False,False,False,False,False,False,True,False,True,False,0,0.41126595070965366,0
0,25,60.35,1404.65,True,True,True,True,False,True,False,False,False,False,False,False,False,False,False,False,False,True,False,False,False,False,False,False,True,False,0,0.2814322423021749,0
1,72,114.95,8196.4,True,True,True,True,False,True,True,False,False,True,False,True,False,True,False,True,False,True,False,True,False,True,True,False,False,False,0,0.05431966037588044,0
0,70,114.6,7882.5,True,False,True,True,False,True,True,False,False,True,False,True,False,True,False,True,False,True,False,True,False,True,True,False,True,False,0,0.06098255192258552,0
1,1,50.15,50.15,True,False,True,True,False,False,False,False,False,False,False,False,False,True,False,False,False,False,False,False,False,False,True,False,False,True,1,0.4186893637327551,0
0,26,86.65,2208.75,True,False,False,True,False,True,True,False,False,True,False,True,False,False,False,False,False,False,False,False,False,False,True,True,False,False,0,0.30326104243259633,0
0,2,65.7,134.35,False,True,True,True,False,False,False,False,False,False,False,False,False,False,False,False,False,True,False,True,False,False,False,False,False,True,1,0.42580298401961414,0
0,28,19.9,543.0,False,True,True,True,False,False,False,True,True,False,True,False,True,False,True,False,True,False,True,False,True,False,False,False,False,True,0,0.030067727822352494,0
0,6,19.85,119.3,False,True,True,True,False,False,False,True,True,False,True,False,True,False,True,False,True,False,True,False,False,False,False,False,False,True,0,0.15487943076969293,0
0,58,59.75,3624.35,False,True,True,False,True,False,False,False,False,True,False,False,False,True,False,True,False,True,False,True,False,True,False,False,False,True,0,0.017196581214749738,0
1,29,45.0,1228.65,False,True,False,False,True,False,False,False,False,True,False,False,False,True,False,False,False,False,False,True,False,False,True,False,True,False,0,0.38017130785738734,0
0,16,71.4,1212.1,True,False,False,True,False,True,False,False,False,False,False,True,False,True,False,False,False,False,False,True,False,False,True,False,False,False,0,0.3719083486676708,0
1,43,101.0,4388.4,True,True,False,True,False,True,True,False,False,False,False,True,False,False,False,False,False,True,False,True,False,False,True,False,True,False,1,0.5913110638436168,1
0,52,75.4,3865.45,True,True,False,True,False,False,False,False,False,True,False,True,False,False,False,False,False,True,False,True,True,False,True,False,False,True,0,0.05376490862633975,0
0,72,118.75,8672.45,False,True,True,True,False,True,True,False,False,True,False,True,False,True,False,True,False,True,False,True,False,True,True,False,False,False,0,0.05372937156111748,0
0,71,19.45,1378.45,True,True,True,True,False,False,False,True,True,False,True,False,True,False,True,False,True,False,True,False,False,True,False,False,False,True,0,0.00149507677469483,0
0,65,20.4,1414.45,True,True,False,True,False,False,False,True,True,False,True,False,True,False,True,False,True,False,True,False,False,True,True,True,False,False,0,0.0032872298487469876,0
0,49,84.5,3906.7,False,False,False,True,False,True,True,False,False,False,False,False,False,False,False,False,False,False,False,True,False,False,True,False,True,False,0,0.4428116488353232,0
0,52,83.8,4331.4,True,False,False,True,False,False,True,False,False,False,False,False,False,True,False,False,False,False,False,True,False,False,True,True,False,False,0,0.26816295018006475,0
0,2,20.35,33.2,True,False,False,True,False,False,False,True,True,False,True,False,True,False,True,False,True,False,True,False,False,False,False,False,False,True,1,0.1901888131858619,0
0,71,109.3,7782.85,True,True,True,True,False,False,True,False,False,True,False,True,False,True,False,True,False,True,False,True,False,True,False,True,False,False,0,0.023206419587941948,0
0,54,89.4,4869.5,True,False,False,True,False,True,True,False,False,False,False,False,False,True,False,False,False,False,False,True,False,False,False,True,False,False,0,0.25754170603957205,0
0,15,76.5,1155.6,False,True,True,True,False,False,False,False,False,False,False,True,False,True,False,True,False,True,False,True,False,False,False,False,False,False,0,0.22014843427813122,0
0,9,24.6,190.1,True,False,False,False,True,False,False,False,False,False,False,False,False,False,False,False,False,False,False,False,False,False,True,False,False,True,0,0.49316541781546686,0
1,50,105.05,5163.3,True,True,False,True,False,True,True,False,False,True,False,False,False,True,False,False,False,True,False,True,False,True,True,True,False,False,0,0.13124402379853717,0
0,19,83.65,1465.75,True,True,True,True,False,True,True,False,False,False,False,False,False,False,False,False,False,False,False,True,False,False,True,False,True,False,1,0.6454349141712956,1
1,70,104.45,7349.35,False,True,False,True,False,True,True,False,False,False,False,True,False,False,False,True,False,True,False,True,False,True,True,False,False,False,0,0.09238404197823158,0
1,72,106.85,7677.4,False,True,False,True,False,True,True,False,False,True,False,True,False,False,False,False,False,True,False,True,True,False,True,False,False,False,0,0.16125070356813156,0
1,52,105.1,5376.4,True,True,False,True,False,True,True,False,False,False,False,True,False,True,False,False,False,True,False,True,True,False,True,False,False,False,0,0.302631672648545,0
0,15,46.3,639.45,False,True,True,True,False,False,False,False,False,False,False,False,False,False,False,False,False,False,False,False,False,False,False,False,True,False,0,0.27930482675483664,0
0,72,76.8,5468.45,False,True,True,True,False,True,False,False,False,False,False,False,False,True,False,False,False,True,False,True,False,True,True,False,False,False,0,0.02861689526043875,0
1,3,81.35,233.7,True,False,False,True,False,True,True,False,False,False,False,True,False,False,False,False,False,False,False,False,False,False,True,False,True,False,1,0.7129926746271377,1
0,58,99.15,5720.95,True,False,False,True,False,False,True,False,False,True,False,True,False,False,False,False,False,True,False,True,True,False,False,False,False,False,0,0.09477044476366098,0
0,1,20.35,20.35,False,False,False,True,False,False,False,True,True,False,True,False,True,False,True,False,True,False,True,False,False,False,True,False,False,True,0,0.267067227402075,0
0,35,89.85,3161.2,True,True,False,True,False,True,True,False,False,False,False,False,False,False,False,True,False,False,False,True,False,False,True,False,False,False,0,0.4132556070966142,0
0,50,84.4,4116.15,False,True,True,True,False,True,True,False,False,False,False,False,False,False,False,False,False,True,False,False,False,False,True,False,False,False,1,0.32240613260517625,0
0,41,19.75,899.45,True,True,False,True,False,False,False,True,True,False,True,False,True,False,True,False,True,False,True,False,False,True,True,False,True,False,0,0.016789732134090088,0
0,72,64.45,4720.0,True,True,True,True,False,True,False,False,False,True,False,True,False,True,False,False,False,False,False,False,False,True,False,True,False,False,0,0.005130726222380773,0
0,30,68.95,2038.7,False,False,False,True,False,True,False,False,False,False,False,True,False,True,False,False,False,True,False,False,True,False,True,True,False,False,0,0.139740058580785,0
0,2,24.4,36.55,False,True,True,False,True,False,False,False,False,False,False,False,False,False,False,False,False,False,False,False,False,False,True,False,False,True,1,0.5700548053186238,1
0,15,29.7,438.25,True,False,False,False,True,False,False,False,False,False,False,False,False,False,False,True,False,False,False,False,False,False,True,False,True,False,1,0.4212643293723293,0
0,37,58.75,2203.1,True,True,True,True,False,False,False,False,False,True,False,False,False,True,False,True,False,False,False,False,True,False,True,False,False,True,0,0.03580247716319777,0
0,72,75.4,5480.25,True,True,True,True,False,False,False,False,False,False,False,True,False,True,False,False,False,True,False,True,False,True,True,False,False,False,0,0.01819972051140233,0
0,72,25.0,1738.9,True,True,True,True,False,True,False,True,True,False,True,False,True,False,True,False,True,False,True,False,False,True,False,False,False,False,0,0.002061615996793988,0
0,70,114.3,8244.3,True,True,False,True,False,True,True,False,False,True,False,True,False,True,False,True,False,True,False,True,False,True,False,True,False,False,0,0.041311369476113094,0
0,1,19.65,19.65,False,False,False,True,False,False,False,True,True,False,True,False,True,False,True,False,True,False,True,False,False,False,False,False,False,True,1,0.208288095983879,0
0,23,84.25,1968.1,True,True,False,True,False,True,True,False,False,False,False,True,False,True,False,False,False,False,False,False,False,False,False,False,True,False,0,0.4591493080365331,0
0,8,74.6,548.9,False,False,False,True,False,True,True,False,False,False,False,False,False,False,False,False,False,False,False,False,False,False,True,True,False,False,0,0.6044243943911358,1
0,2,46.0,84.5,True,False,False,True,False,False,False,False,False,False,False,False,False,False,False,False,False,False,False,False,False,False,True,True,False,False,1,0.403885702264277,0
0,26,38.85,1025.15,False,True,True,False,True,False,False,False,False,True,False,True,False,False,False,True,False,False,False,False,False,False,False,True,False,False,0,0.09886615518766098,0
0,52,19.65,928.4,True,False,True,True,False,False,False,True,True,False,True,False,True,False,True,False,True,False,True,False,True,False,False,True,False,False,0,0.007423735150929832,0
0,23,34.6,813.45,False,True,True,False,True,False,False,False,False,True,False,False,False,False,False,True,False,False,False,False,False,True,False,False,False,True,0,0.03703817667382671,0
0,15,99.1,1426.4,False,False,False,True,False,False,True,False,False,True,False,True,False,False,False,False,False,True,False,True,False,False,True,True,False,False,1,0.4539511732353212,0
0,40,50.15,2058.5,True,True,False,True,False,False,False,False,False,False,False,True,False,False,False,False,False,False,False,False,False,False,True,False,False,True,0,0.11393594764348686,0
0,27,59.45,1611.65,True,False,False,True,False,True,False,False,False,False,False,False,False,True,False,True,False,False,False,False,False,False,False,False,True,False,0,0.18899439447913122,0
0,37,19.5,805.2,False,True,False,True,False,False,False,True,True,False,True,False,True,False,True,False,True,False,True,False,False,False,False,False,False,False,0,0.0441977103708464,0
0,45,112.2,5031.85,True,False,False,True,False,False,True,False,False,True,False,True,False,True,False,True,False,True,False,True,True,False,False,True,False,False,0,0.09291885439863395,0
0,5,69.95,330.15,False,True,False,True,False,False,True,False,False,False,False,False,False,False,False,False,False,False,False,False,False,False,False,False,True,False,1,0.6036069483594748,1
0,71,23.85,1672.1,False,True,False,True,False,True,False,True,True,False,True,False,True,False,True,False,True,False,True,False,False,True,False,False,False,True,0,0.0025712612091381916,0
0,4,54.3,195.3,True,False,False,True,False,False,False,False,False,False,False,False,False,False,False,False,False,False,False,True,False,False,False,False,True,False,1,0.4699982431966888,0
0,38,20.2,746.05,False,True,True,True,False,False,False,True,True,False,True,False,True,False,True,False,True,False,True,False,False,True,True,False,False,True,0,0.01192523478959858,0
0,3,55.9,157.55,True,False,True,True,False,False,False,False,False,True,False,False,False,True,False,False,False,False,False,False,False,False,False,False,False,True,0,0.2019646519977695,0
0,17,19.15,343.45,True,False,False,True,False,False,False,True,True,False,True,False,True,False,True,False,True,False,True,False,False,True,False,False,False,True,0,0.02663086455242954,0
0,70,90.15,6237.05,True,True,True,True,False,True,False,False,False,True,False,True,False,True,False,True,False,True,False,True,False,True,True,True,False,False,0,0.013109227526708697,0
0,1,44.9,44.9,True,False,False,True,False,False,False,False,False,False,False,False,False,False,False,False,False,False,False,False,False,False,True,False,False,True,0,0.43042160424029036,0
0,71,100.5,7030.65,False,True,True,True,False,True,True,False,False,True,False,True,False,True,False,False,False,True,False,False,False,True,False,False,False,False,0,0.029480554954437237,0
0,37,91.15,3369.25,True,False,False,True,False,True,True,False,False,True,False,False,False,False,False,False,False,True,False,False,False,False,True,False,True,False,0,0.4168429937481742,0
0,64,70.15,4480.7,True,True,False,True,False,True,False,False,False,False,False,True,False,False,False,True,False,False,False,True,True,False,True,False,False,True,0,0.03898006620658318,0
1,37,90.0,3371.75,False,True,False,True,False,False,True,False,False,False,False,False,False,True,False,True,False,True,False,False,False,False,False,False,True,False,0,0.356469958738311,0
0,65,108.65,6937.95,True,True,True,True,False,True,True,False,False,True,False,False,False,True,False,True,False,True,False,True,False,True,False,False,False,False,1,0.04203380638202514,0
0,23,49.45,1119.35,False,False,True,True,False,False,False,False,False,False,False,False,False,False,False,True,False,False,False,False,True,False,True,False,True,False,0,0.12209532724477057,0
0,22,79.2,1742.75,False,True,False,True,False,True,False,False,False,True,False,False,False,False,False,True,False,True,False,True,False,False,True,False,True,False,1,0.33600799609091836,0
1,26,60.7,1597.4,False,True,False,True,False,False,False,False,False,False,False,False,False,True,False,False,False,False,False,True,True,False,False,False,False,True,0,0.14843059251638577,0
0,25,79.85,2015.35,False,False,False,True,False,False,True,False,False,True,False,True,False,False,False,False,False,False,False,False,False,False,True,False,False,False,1,0.2877602059731646,0
0,60,97.2,5611.75,False,True,False,True,False,False,True,False,False,True,False,False,False,False,False,True,False,True,False,True,False,True,True,False,True,False,0,0.07202523576158065,0
0,1,95.6,95.6,False,False,False,True,False,False,True,False,False,True,False,False,False,False,False,False,False,True,False,True,False,False,True,False,True,False,1,0.6891456522491235,1
0,71,89.3,6388.65,False,True,False,True,False,True,False,False,False,True,False,True,False,True,False,True,False,True,False,True,False,True,False,True,False,False,0,0.011585121092290497,0
1,27,85.25,2287.25,False,False,False,True,False,True,True,False,False,False,False,False,False,False,False,False,False,False,False,True,False,False,True,False,True,False,1,0.6651133428527377,1
0,3,89.45,240.45,False,False,False,True,False,False,True,False,False,False,False,False,False,False,False,False,False,True,False,True,False,False,True,False,True,False,1,0.7682955904614417,1
0,58,94.7,5430.35,True,True,True,True,False,True,True,False,False,False,False,True,False,False,False,True,False,True,False,False,True,False,True,True,False,False,0,0.1042660407645929,0
0,14,75.35,1025.95,False,False,False,True,False,False,True,False,False,False,False,False,False,True,False,False,False,False,False,False,False,False,False,False,True,False,1,0.501465226805037,1
0,71,70.85,4973.4,True,True,True,True,False,False,False,False,False,True,False,False,False,True,False,True,False,False,False,True,False,True,True,True,False,False,0,0.006880047924814098,0
0,2,29.05,44.75,False,True,True,False,True,False,False,False,False,False,False,False,False,False,False,True,False,False,False,False,False,False,False,False,False,False,0,0.40492129632801255,0
0,40,20.6,827.3,False,False,False,True,False,False,False,True,True,False,True,False,True,False,True,False,True,False,True,False,False,True,True,False,False,False,0,0.012461601578752103,0
0,68,25.4,1620.2,True,True,True,True,False,True,False,True,True,False,True,False,True,False,True,False,True,False,True,False,False,True,False,False,False,False,0,0.002489296443867165,0
1,57,101.3,5779.6,False,False,False,True,False,True,True,False,False,True,False,False,False,True,False,True,False,False,False,True,False,True,False,True,False,False,0,0.047859161946445135,0
0,45,87.25,3941.7,False,False,False,True,False,True,True,False,False,False,False,False,False,True,False,True,False,False,False,False,False,False,True,False,True,False,1,0.3303964221684399,0
0,70,116.55,8152.3,True,True,True,True,False,True,True,False,False,True,False,True,False,True,False,True,False,True,False,True,False,True,True,True,False,False,0,0.046249729262794,0
0,68,107.7,7320.9,True,True,False,True,False,True,True,False,False,True,False,True,False,False,False,True,False,True,False,True,False,False,True,False,True,False,0,0.2479058250648213,0
0,52,102.7,5138.1,False,True,False,True,False,True,True,False,False,False,False,True,False,False,False,True,False,True,False,True,False,False,True,True,False,False,0,0.31641680067549294,0
0,72,115.15,8349.7,False,True,False,True,False,True,True,False,False,True,False,True,False,True,False,True,False,True,False,True,False,True,False,False,True,False,0,0.05845015951911475,0
1,24,76.1,1712.7,True,False,False,True,False,True,True,False,False,False,False,False,False,False,False,False,False,False,False,False,False,False,True,False,True,False,1,0.589824315629343,1
0,67,60.4,3953.7,True,True,True,True,False,False,False,False,False,True,False,False,False,True,False,True,False,False,False,False,False,True,True,False,False,False,0,0.005372764227981218,0
0,68,64.35,4539.6,False,False,False,False,True,False,False,False,False,True,False,True,False,True,False,True,False,True,False,True,False,True,False,True,False,False,0,0.011203182580516204,0
0,23,19.6,426.65,True,True,True,True,False,False,False,True,True,False,True,False,True,False,True,False,True,False,True,False,False,True,False,True,False,False,0,0.016695134954203907,0
0,71,49.35,3515.25,True,True,False,False,True,False,False,False,False,False,False,True,False,False,False,False,False,True,False,True,False,True,False,False,True,False,1,0.02472539231106914,0
0,1,24.4,24.4,False,False,False,False,True,False,False,False,False,False,False,False,False,False,False,False,False,False,False,False,False,False,False,False,False,True,0,0.5255214363077121,1
0,71,20.5,1500.95,False,True,True,True,False,False,False,True,True,False,True,False,True,False,True,False,True,False,True,False,False,True,False,False,False,False,0,0.0016761759626261546,0
1,69,110.55,7610.1,True,True,False,True,False,True,True,False,False,True,False,False,False,True,False,True,False,True,False,True,True,False,True,False,False,True,0,0.14216104374395577,0
1,40,99.2,4062.2,False,True,False,True,False,False,True,False,False,False,False,True,False,False,False,True,False,True,False,True,True,False,True,True,False,False,1,0.24185025074385416,0
1,18,84.95,1443.65,False,False,False,True,False,False,True,False,False,False,False,False,False,True,False,False,False,False,False,True,False,False,True,False,True,False,0,0.6595696616619163,1
0,22,94.65,2104.55,True,False,False,True,False,True,True,False,False,False,False,False,False,False,False,False,False,True,False,True,False,False,True,True,False,False,1,0.6125221515984118,1
0,69,39.1,2779.5,True,True,True,False,True,False,False,False,False,True,False,False,False,True,False,True,False,False,False,False,False,True,False,False,False,True,0,0.0045110480231866906,0
1,62,84.45,4959.15,False,False,False,True,False,True,True,False,False,False,False,False,False,False,False,False,False,True,False,False,True,False,False,False,True,False,0,0.17345935483356684,0
0,56,19.7,1051.9,False,False,False,True,False,False,False,True,True,False,True,False,True,False,True,False,True,False,True,False,False,True,False,False,False,False,0,0.0038683627454410455,0
0,7,19.9,173.15,False,False,False,True,False,False,False,True,True,False,True,False,True,False,True,False,True,False,True,False,True,False,False,False,False,True,0,0.09333502283058583,0
0,1,18.9,18.9,True,False,False,True,False,False,False,True,True,False,True,False,True,False,True,False,True,False,True,False,False,False,False,False,False,True,0,0.2016196933598755,0
0,6,19.55,122.9,True,True,True,True,False,False,False,True,True,False,True,False,True,False,True,False,True,False,True,False,False,False,False,False,False,True,0,0.14901528436588377,0
0,2,85.65,181.5,True,False,False,True,False,True,True,False,False,False,False,False,False,False,False,False,False,True,False,False,False,False,True,False,True,False,1,0.7598685925866915,1
1,16,54.55,825.1,True,True,False,True,False,False,False,False,False,True,False,True,False,False,False,False,False,False,False,False,False,False,True,False,False,False,0,0.21442320908341908,0
0,2,19.85,51.6,True,False,False,True,False,False,False,True,True,False,True,False,True,False,True,False,True,False,True,False,False,False,False,False,False,True,0,0.1921066341185997,0
0,72,86.4,6058.95,False,True,False,True,False,True,False,False,False,True,False,True,False,False,False,True,False,True,False,True,False,True,True,False,False,False,0,0.015329311024604615,0
0,7,34.65,246.6,False,True,True,False,True,False,False,False,False,True,False,False,False,False,False,True,False,False,False,False,False,False,False,False,False,True,0,0.24679836334024632,0
0,19,24.85,434.8,False,True,True,False,True,False,False,False,False,False,False,False,False,False,False,False,False,False,False,False,False,False,True,False,False,True,0,0.3582933763086375,0
0,14,78.1,1122.4,False,True,False,True,False,False,True,False,False,False,False,False,False,False,False,False,False,False,False,True,False,False,True,False,True,False,0,0.6817769494105276,1
0,64,105.65,6903.1,True,False,False,True,False,True,True,False,False,False,False,True,False,False,False,True,False,True,False,True,True,False,True,True,False,False,1,0.15544039067753337,0
0,25,78.35,1837.9,False,False,False,True,False,True,False,False,False,True,False,True,False,True,False,True,False,True,False,False,False,False,True,False,False,False,0,0.15509058663362035,0
0,70,85.95,5931.75,True,True,True,True,False,True,False,False,False,False,False,True,False,True,False,True,False,True,False,True,False,True,True,True,False,False,0,0.01851879337150738,0
0,66,19.35,1240.8,True,False,False,True,False,False,False,True,True,False,True,False,True,False,True,False,True,False,True,False,False,True,False,False,False,False,0,0.002201227735337363,0
0,1,71.65,71.65,True,False,True,True,False,False,True,False,False,False,False,False,False,False,False,False,False,False,False,False,False,False,True,False,True,False,1,0.6496003405276302,1
0,53,91.15,4862.5,False,True,False,True,False,True,True,False,False,False,False,False,False,False,False,True,False,False,False,True,True,False,True,False,True,False,0,0.242312408731421,0
0,6,56.25,389.1,False,False,False,True,False,False,False,False,False,True,False,True,False,False,False,False,False,False,False,False,False,False,False,False,True,False,1,0.2568817991956519,0
0,59,95.8,5655.45,False,False,False,True,False,False,True,False,False,False,False,False,False,True,False,False,False,True,False,True,False,True,False,False,True,False,0,0.10549764930668586,0
0,31,78.45,2435.15,True,False,False,True,False,False,True,False,False,False,False,True,False,False,False,True,False,False,False,False,False,False,True,False,True,False,1,0.3197367564872702,0
0,3,74.4,229.55,True,False,False,True,False,True,True,False,False,False,False,False,False,False,False,False,False,False,False,False,False,False,True,False,True,False,1,0.7257793605742654,1
0,15,69.0,994.8,False,False,True,True,False,False,True,False,False,False,False,False,False,False,False,False,False,False,False,False,False,False,False,False,False,False,1,0.38418880824675744,0
0,48,106.1,5082.8,True,False,False,True,False,True,True,False,False,False,False,True,False,True,False,False,False,True,False,True,True,False,True,True,False,False,1,0.26579597201891303,0
0,2,56.7,113.55,True,True,True,True,False,True,False,False,False,True,False,False,False,False,False,False,False,False,False,False,False,False,False,False,False,True,1,0.2691398991893851,0
1,70,102.95,7101.5,True,True,False,True,False,True,True,False,False,False,False,True,False,True,False,False,False,True,False,True,False,False,True,False,True,False,1,0.41339574170387977,0
0,2,91.4,193.6,False,False,False,True,False,True,True,False,False,False,False,False,False,True,False,False,False,True,False,False,False,False,True,False,True,False,1,0.7588583350856939,1
0,47,110.85,5275.8,True,True,False,True,False,True,True,False,False,True,False,False,False,True,False,True,False,True,False,True,True,False,True,True,False,False,1,0.18650693643107524,0
0,24,21.05,531.55,False,False,True,True,False,False,False,True,True,False,True,False,True,False,True,False,True,False,True,False,True,False,False,False,False,False,0,0.0363009950989033,0
0,31,93.8,2939.8,True,True,False,True,False,False,True,False,False,False,False,False,False,True,False,False,False,True,False,True,True,False,True,False,True,False,0,0.43931035351880426,0
0,54,111.1,6014.85,False,False,False,True,False,True,True,False,False,False,False,True,False,True,False,True,False,True,False,True,False,False,False,False,True,False,1,0.33427743860997516,0
0,1,55.05,55.05,True,False,False,True,False,False,False,False,False,False,False,False,False,True,False,True,False,False,False,False,False,False,False,False,False,True,0,0.26066789193446444,0
0,12,33.15,444.75,False,True,True,False,True,False,False,False,False,True,False,False,False,False,False,True,False,False,False,False,True,False,False,True,False,False,0,0.11835032891242418,0
0,2,18.75,53.15,False,False,False,True,False,False,False,True,True,False,True,False,True,False,True,False,True,False,True,False,False,False,False,False,False,False,0,0.20891865200545373,0
0,48,70.55,3420.5,True,True,False,True,False,True,False,False,False,False,False,True,False,True,False,False,False,False,False,True,True,False,True,True,False,False,0,0.08803483031766988,0
1,1,74.45,74.45,False,True,False,True,False,True,True,False,False,False,False,False,False,False,False,False,False,False,False,False,False,False,True,False,True,False,1,0.7873566471812926,1
0,71,65.15,4681.75,True,True,False,True,False,True,False,False,False,True,False,True,False,False,False,True,False,False,False,False,False,True,False,False,False,False,0,0.004902394764738917,0
0,1,19.85,19.85,True,False,False,True,False,False,False,True,True,False,True,False,True,False,True,False,True,False,True,False,False,False,True,False,True,False,1,0.33302214391012125,0
0,56,24.8,1424.2,True,False,True,True,False,True,False,True,True,False,True,False,True,False,True,False,True,False,True,False,False,True,True,False,False,True,0,0.005976402995530299,0
0,2,20.05,33.7,True,False,False,True,False,False,False,True,True,False,True,False,True,False,True,False,True,False,True,False,False,False,False,False,False,True,0,0.19082527591771556,0
1,66,80.55,5265.1,False,True,False,True,False,True,False,False,False,False,False,True,False,True,False,False,False,True,False,True,False,True,True,False,False,False,1,0.04287376370496716,0
0,50,20.35,938.95,True,True,True,True,False,False,False,True,True,False,True,False,True,False,True,False,True,False,True,False,True,False,True,False,False,True,0,0.01280964991536127,0
1,63,89.6,5538.8,False,False,False,True,False,True,True,False,False,False,False,False,False,True,False,False,False,False,False,True,False,False,True,False,False,False,0,0.323773965665653,0
0,1,45.05,45.05,True,False,False,True,False,False,False,False,False,False,False,False,False,False,False,False,False,False,False,False,False,False,True,False,False,True,1,0.4299466127219862,0
0,6,49.25,255.6,False,False,False,False,True,False,False,False,False,False,False,False,False,False,False,True,False,True,False,True,True,False,True,False,False,True,0,0.4046558324663078,0
0,5,50.55,244.75,False,False,False,True,False,False,False,False,False,False,False,True,False,False,False,False,False,False,False,False,False,False,False,False,False,False,0,0.2884754476451274,0
0,35,72.25,2568.55,False,True,True,True,False,True,False,False,False,True,False,False,False,True,False,True,False,True,False,False,False,False,False,False,True,False,1,0.12510609822572777,0
0,71,118.65,8477.6,False,False,False,True,False,True,True,False,False,True,False,True,False,True,False,True,False,True,False,True,False,True,True,False,True,False,0,0.0794419205393752,0
0,42,66.5,2762.75,False,False,False,True,False,False,False,False,False,False,False,False,False,True,False,True,False,False,False,True,False,True,False,True,False,False,0,0.023589236468071463,0
0,64,19.45,1208.6,False,True,False,True,False,False,False,True,True,False,True,False,True,False,True,False,True,False,True,False,False,True,False,True,False,False,0,0.0024903091142784825,0
0,1,49.8,49.8,True,False,False,True,False,False,False,False,False,True,False,False,False,False,False,False,False,False,False,False,False,False,True,True,False,False,0,0.3134517634015996,0
0,1,69.85,69.85,True,False,False,True,False,False,True,False,False,False,False,False,False,False,False,False,False,False,False,False,False,False,True,False,True,False,1,0.6896545581715614,1
0,69,107.2,7317.1,True,True,False,True,False,True,True,False,False,True,False,True,False,True,False,True,False,False,False,True,True,False,True,True,False,False,0,0.07761901696880742,0
0,33,93.35,3092.0,True,True,False,True,False,True,True,False,False,False,False,True,False,True,False,False,False,False,False,True,False,False,True,False,True,False,0,0.5526849278521425,1
0,20,20.0,417.65,False,True,True,True,False,False,False,True,True,False,True,False,True,False,True,False,True,False,True,False,False,False,False,False,True,False,0,0.11341718924217206,0
0,13,24.5,343.6,True,True,True,True,False,True,False,True,True,False,True,False,True,False,True,False,True,False,True,False,True,False,False,False,False,False,0,0.08019033635108763,0
0,28,56.05,1522.65,False,False,False,True,False,False,False,False,False,True,False,True,False,False,False,False,False,False,False,False,False,False,False,False,True,False,0,0.1216754439047893,0
0,72,80.85,5824.75,False,True,True,True,False,True,False,False,False,True,False,True,False,True,False,True,False,False,False,True,False,True,False,False,False,False,0,0.007216802308895626,0
0,9,70.5,597.9,True,False,False,True,False,False,True,False,False,False,False,False,False,False,False,False,False,False,False,False,False,False,True,False,True,False,0,0.6207814388600796,1
0,72,107.5,7853.7,False,False,False,True,False,True,True,False,False,False,False,False,False,True,False,True,False,True,False,True,False,True,True,True,False,False,0,0.08023516906122458,0
1,52,59.85,3103.25,False,False,False,True,False,True,False,False,False,True,False,False,False,True,False,False,False,False,False,False,False,True,False,False,False,False,0,0.017611825424145612,0
0,34,60.85,2003.6,False,True,False,True,False,True,False,False,False,True,False,False,False,False,False,True,False,False,False,False,False,False,True,False,False,False,0,0.11486896563755232,0
0,71,100.2,7209.0,True,True,True,True,False,False,True,False,False,True,False,True,False,True,False,True,False,True,False,False,False,True,False,True,False,False,0,0.01497512742719661,0
0,6,19.65,116.85,False,False,False,True,False,False,False,True,True,False,True,False,True,False,True,False,True,False,True,False,False,True,False,True,False,False,0,0.04572386490401755,0
0,31,64.0,1910.75,False,True,False,True,False,False,False,False,False,True,False,False,False,False,False,True,False,False,False,True,True,False,True,False,True,False,0,0.10253116650390946,0
1,1,90.6,90.6,False,True,False,True,False,True,True,False,False,False,False,True,False,False,False,False,False,True,False,False,False,False,True,False,True,False,1,0.7774485816100359,1
0,49,25.25,1211.65,False,True,True,True,False,True,False,True,True,False,True,False,True,False,True,False,True,False,True,False,False,True,False,False,False,True,0,0.006636689014701852,0
0,27,20.25,538.2,False,False,False,True,False,False,False,True,True,False,True,False,True,False,True,False,True,False,True,False,False,True,True,False,False,False,0,0.023979867442415672,0
0,53,93.45,4872.2,False,True,False,True,False,False,True,False,False,False,False,False,False,False,False,True,False,True,False,True,True,False,True,False,True,False,0,0.2344670220332633,0
1,35,100.5,3653.35,False,True,False,True,False,True,True,False,False,True,False,True,False,False,False,True,False,True,False,False,False,False,True,False,False,False,1,0.320442551501577,0
0,2,95.65,167.3,True,False,False,True,False,False,True,False,False,False,False,True,False,False,False,False,False,True,False,True,False,False,False,False,True,False,1,0.6529106483780496,1
0,46,43.95,2007.85,False,True,False,False,True,False,False,False,False,False,False,False,False,False,False,False,False,True,False,True,False,False,True,False,True,False,0,0.3283628479912829,0
0,35,19.25,617.65,False,False,False,True,False,False,False,True,True,False,True,False,True,False,True,False,True,False,True,False,False,False,False,False,False,False,0,0.04432133687534632,0
0,9,73.8,704.3,True,False,False,True,False,False,True,False,False,False,False,False,False,True,False,False,False,False,False,False,False,False,True,False,True,False,0,0.6221786659079221,1
0,64,104.4,6692.65,True,False,False,True,False,True,True,False,False,False,False,True,False,True,False,False,False,True,False,True,False,True,True,False,False,False,0,0.1106541500133489,0
0,13,79.25,1111.65,False,False,False,True,False,False,True,False,False,False,False,True,False,True,False,False,False,False,False,False,False,False,True,False,True,False,1,0.5596038749604363,1
0,55,81.55,4509.5,False,False,False,True,False,False,True,False,False,False,False,True,False,True,False,False,False,False,False,False,False,False,True,False,True,False,0,0.23984272812816465,0
0,51,93.8,4539.35,False,True,True,True,False,True,True,False,False,True,False,True,False,False,False,False,False,False,False,True,False,False,True,False,True,False,0,0.2898456907161499,0
0,5,24.3,132.25,False,True,True,True,False,True,False,True,True,False,True,False,True,False,True,False,True,False,True,False,False,False,True,False,False,True,0,0.2576114510549973,0
0,20,70.45,1470.95,True,True,True,True,False,False,True,False,False,False,False,False,False,False,False,False,False,False,False,False,False,False,True,False,True,False,1,0.507634998631737,1
0,23,25.6,514.75,False,True,True,True,False,True,False,True,True,False,True,False,True,False,True,False,True,False,True,False,False,True,True,True,False,False,0,0.03102219036951938,0
1,61,99.0,5969.3,True,True,True,True,False,True,True,False,False,False,False,True,False,False,False,False,False,True,False,True,True,False,False,False,True,False,0,0.21796198894627886,0
0,54,69.95,3871.85,False,True,True,True,False,False,False,False,False,True,False,False,False,True,False,True,False,False,False,True,False,True,False,False,False,False,0,0.010789285512457286,0
0,15,76.0,1130.85,True,False,False,True,False,True,True,False,False,False,False,False,False,False,False,False,False,False,False,False,False,False,True,False,False,True,1,0.5453204386486001,1
0,64,24.9,1595.5,False,True,True,True,False,True,False,True,True,False,True,False,True,False,True,False,True,False,True,False,True,False,False,False,False,True,0,0.006743388323498934,0
0,18,64.8,1166.7,False,False,True,True,False,True,False,False,False,True,False,False,False,False,False,False,False,False,False,True,False,False,False,False,True,False,0,0.2764303703370463,0
0,52,103.05,5364.8,True,False,False,True,False,True,True,False,False,False,False,True,False,True,False,False,False,True,False,True,False,False,True,False,True,False,0,0.481433730887885,0
0,17,20.1,279.5,True,False,False,True,False,False,False,True,True,False,True,False,True,False,True,False,True,False,True,False,True,False,True,False,False,True,0,0.07326761353858828,0
0,27,19.9,550.1,False,True,True,True,False,False,False,True,True,False,True,False,True,False,True,False,True,False,True,False,False,True,False,False,False,True,0,0.015176459465500697,0
0,58,110.65,6526.65,False,True,False,True,False,True,True,False,False,True,False,True,False,True,False,False,False,True,False,True,True,False,True,True,False,False,0,0.18472618554044462,0
0,68,109.05,7508.55,False,True,True,True,False,True,True,False,False,True,False,False,False,True,False,True,False,True,False,True,False,True,True,False,False,False,0,0.060628731661835855,0
0,1,19.2,19.2,True,False,False,True,False,False,False,True,True,False,True,False,True,False,True,False,True,False,True,False,False,False,False,False,True,False,0,0.264849095419489,0
0,55,66.05,3462.1,False,True,False,True,False,True,False,False,False,True,False,True,False,False,False,True,False,False,False,False,True,False,True,True,False,False,0,0.023513378827918437,0
0,1,45.3,45.3,False,False,False,True,False,False,False,False,False,False,False,False,False,False,False,False,False,False,False,False,False,False,False,False,False,True,0,0.3613642135332589,0
0,72,84.4,6096.45,False,True,False,True,False,True,False,False,False,True,False,False,False,True,False,True,False,True,False,True,False,True,True,True,False,False,0,0.0169187583566833,0
0,6,45.0,298.7,False,False,False,False,True,False,False,False,False,False,False,False,False,False,False,False,False,True,False,True,False,False,False,True,False,False,0,0.5617577496951258,1
0,60,99.8,5985.75,False,True,False,True,False,True,True,False,False,False,False,True,False,False,False,False,False,True,False,True,False,False,True,False,True,False,0,0.44832129870656384,0
0,61,106.0,6547.7,True,True,True,True,False,True,True,False,False,True,False,True,False,False,False,False,False,True,False,True,True,False,True,False,True,False,1,0.19677772826520915,0
0,2,20.65,38.7,False,False,False,True,False,False,False,True,True,False,True,False,True,False,True,False,True,False,True,False,False,False,False,False,False,True,1,0.19775131742383018,0
0,63,71.5,4576.3,True,False,False,True,False,True,False,False,False,True,False,True,False,True,False,True,False,False,False,False,True,False,False,False,True,False,0,0.01927947866926734,0
0,17,83.55,1329.15,False,False,False,True,False,False,True,False,False,False,False,True,False,False,False,False,False,True,False,False,False,False,True,False,True,False,0,0.5715306508387703,1
1,58,98.7,5812.6,True,True,False,True,False,True,True,False,False,False,False,False,False,True,False,False,False,True,False,True,False,False,True,False,True,False,1,0.5324250930447567,1
0,26,49.5,1265.65,False,False,True,True,False,True,False,False,False,False,False,False,False,False,False,False,False,False,False,False,False,False,True,False,False,True,0,0.2295059696102386,0
0,53,48.7,2495.2,False,True,True,False,True,False,False,False,False,True,False,True,False,True,False,False,False,False,False,True,False,False,True,False,False,False,0,0.09090759367534997,0
0,25,19.2,532.1,False,False,False,True,False,False,False,True,True,False,True,False,True,False,True,False,True,False,True,False,False,False,True,True,False,False,0,0.09347226255824682,0
0,1,82.3,82.3,False,False,False,True,False,False,True,False,False,False,False,True,False,True,False,False,False,False,False,False,False,False,True,False,True,False,1,0.6387892687038904,1
0,24,21.1,490.65,False,True,True,True,False,False,False,True,True,False,True,False,True,False,True,False,True,False,True,False,False,True,True,True,False,False,0,0.02302159064886879,0
0,2,69.0,147.8,False,True,False,True,False,False,False,False,False,False,False,False,False,True,False,False,False,True,False,True,False,False,False,True,False,False,0,0.44682615016092286,0
0,1,19.55,19.55,True,False,False,True,False,False,False,True,True,False,True,False,True,False,True,False,True,False,True,False,False,False,False,False,False,True,1,0.20027143681379722,0
0,67,75.1,5064.45,False,True,False,True,False,True,False,False,False,True,False,True,False,True,False,False,False,False,False,True,True,False,False,False,False,True,0,0.026408334467782454,0
0,17,54.6,934.8,True,True,False,False,True,False,False,False,False,False,False,False,False,True,False,True,False,True,False,True,True,False,False,False,True,False,0,0.30301710974775276,0
0,11,70.2,760.05,True,False,False,True,False,False,True,False,False,False,False,False,False,False,False,False,False,False,False,False,False,False,False,False,True,False,0,0.5243039131064847,1
0,51,24.75,1234.6,True,False,False,True,False,True,False,True,True,False,True,False,True,False,True,False,True,False,True,False,False,True,False,False,False,True,0,0.006303955666378993,0
0,3,69.85,199.85,False,False,False,True,False,False,True,False,False,False,False,False,False,False,False,False,False,False,False,False,False,False,True,False,True,False,0,0.684434720773469,1
1,1,79.2,79.2,False,False,False,True,False,False,True,False,False,False,False,False,False,False,False,False,False,True,False,False,False,False,True,False,True,False,1,0.7639931878357016,1
0,1,69.65,69.65,False,False,True,True,False,False,True,False,False,False,False,False,False,False,False,False,False,False,False,False,False,False,True,False,True,False,1,0.6667972251190171,1
1,72,84.1,6129.65,False,True,False,True,False,True,False,False,False,True,False,True,False,True,False,False,False,True,False,True,False,True,True,True,False,False,0,0.02394125024501565,0
0,19,65.35,1231.85,True,False,False,True,False,False,False,False,False,False,False,True,False,False,False,True,False,False,False,True,True,False,True,False,False,False,0,0.13276865944708618,0
0,65,25.75,1654.75,True,False,False,True,False,True,False,True,True,False,True,False,True,False,True,False,True,False,True,False,False,True,False,False,False,True,0,0.00316693293842078,0
0,45,100.3,4483.95,False,False,False,True,False,False,True,False,False,True,False,True,False,False,False,False,False,True,False,True,True,False,True,False,True,False,0,0.2309102220180722,0
0,5,89.15,413.25,True,True,False,True,False,True,True,False,False,True,False,False,False,False,False,False,False,False,False,True,False,False,True,False,True,False,0,0.6840008003149802,1
0,56,44.85,2564.95,False,False,False,False,True,False,False,False,False,False,False,False,False,False,False,False,False,True,False,True,False,False,True,True,False,False,0,0.16844239434495475,0
1,4,74.45,294.45,False,False,False,True,False,True,True,False,False,False,False,False,False,False,False,False,False,False,False,False,False,False,True,False,True,False,0,0.7590384954185039,1
0,64,86.4,5442.05,False,False,False,True,False,True,False,False,False,True,False,True,False,True,False,True,False,True,False,True,False,True,True,True,False,False,0,0.01758564953076078,0
0,41,19.7,804.25,False,True,True,True,False,False,False,True,True,False,True,False,True,False,True,False,True,False,True,False,False,True,False,False,False,False,0,0.007680539966566993,0
0,35,60.55,1982.6,False,False,False,True,False,False,False,False,False,True,False,True,False,True,False,False,False,False,False,False,False,False,False,False,True,False,0,0.0927395945073634,0
0,1,25.2,25.2,False,False,False,False,True,False,False,False,False,False,False,False,False,False,False,False,False,False,False,False,False,False,False,False,False,True,1,0.5229438487491175,1
1,3,79.4,205.05,False,False,False,True,False,True,True,False,False,False,False,True,False,False,False,False,False,False,False,False,False,False,True,False,True,False,1,0.7265861749538973,1
1,61,25.0,1501.75,True,True,False,True,False,True,False,True,True,False,True,False,True,False,True,False,True,False,True,False,False,True,False,False,False,False,0,0.004964891910944066,0
1,1,73.65,73.65,True,False,False,True,False,True,True,False,False,False,False,False,False,False,False,False,False,False,False,False,False,False,True,False,True,False,1,0.7705835677530637,1
0,35,55.6,2016.45,False,False,True,True,False,False,False,False,False,True,False,True,False,False,False,False,False,False,False,False,True,False,False,True,False,False,0,0.03158879773104103,0
0,69,113.25,7895.15,False,True,True,True,False,True,True,False,False,True,False,True,False,True,False,True,False,True,False,True,False,True,False,True,False,False,0,0.03592195877494824,0
0,64,68.3,4378.8,False,True,False,True,False,False,False,False,False,False,False,True,False,True,False,True,False,False,False,True,False,True,True,False,False,True,0,0.0146956363278317,0
0,51,110.05,5686.4,True,True,True,True,False,True,True,False,False,True,False,True,False,False,False,True,False,True,False,True,True,False,False,True,False,False,0,0.09904506820783178,0
0,17,19.9,329.75,True,True,True,True,False,False,False,True,True,False,True,False,True,False,True,False,True,False,True,False,True,False,False,False,False,False,0,0.051398160974016546,0
0,69,43.95,2960.1,False,True,True,False,True,False,False,False,False,True,False,False,False,True,False,False,False,False,False,True,False,True,True,True,False,False,0,0.012506638718562668,0
0,1,31.35,31.35,True,False,True,False,True,False,False,False,False,False,False,True,False,False,False,False,False,False,False,False,False,False,True,False,False,True,1,0.501064953711238,1
